1box,1sub,2box,2sub,3box,3sub,4box,4sub,prob,prob_t
0000,0000,0000,0000,0000,0000,4444,0f00,10,4
0000,0000,0000,0000,0000,0000,4454,0f02,20,5
0000,0000,0000,0000,0000,0000,0f09,5445,40,6
0000,0000,0000,0000,0000,0000,544b,1e19,80,7
0000,0000,0000,0000,0000,0000,1e1f,555b,100,8
0000,0000,0000,0000,0000,0000,4474,0f22,80,6
0000,0000,0000,0000,0000,0000,0f29,5465,100,7
0000,0000,0000,0000,0000,0000,546b,1e39,200,8
0000,0000,0000,0000,0000,0000,1e3f,557b,400,9
0000,0000,0000,0000,0000,0000,4484,2d00,100,7
0000,0000,0000,0000,0000,0000,44b4,2d22,400,8
0000,0000,0000,0000,0000,0000,2d29,54a5,800,9
0000,0000,0000,0000,0000,0000,54ab,3c39,1000,a
0000,0000,0000,0000,0000,0000,3c3f,55bb,2000,b
0000,0000,0000,0000,0000,0000,44e4,2f20,800,9
0000,0000,0000,0000,0000,0000,44f4,2f22,3000,a
0000,0000,0000,0000,0000,0000,2f29,54e5,6000,b
0000,0000,0000,0000,0000,0000,54eb,3e39,c000,c
0000,0000,0000,0000,0000,0000,3e3f,55fb,18000,d
0000,0000,0000,0000,0000,0000,4544,0f04,20,5
0000,0000,0000,0000,0000,0000,0f05,4545,40,6
0000,0000,0000,0000,0000,0000,4547,0f15,100,7
0000,0000,0000,0000,0000,0000,0f18,5446,200,8
0000,0000,0000,0000,0000,0000,544a,1e18,400,9
0000,0000,0000,0000,0000,0000,1e1b,545b,1000,a
0000,0000,0000,0000,0000,0000,545e,1f1a,2000,b
0000,0000,0000,0000,0000,0000,4554,0f06,40,6
0000,0000,0000,0000,0000,0000,0f07,4555,80,7
0000,0000,0000,0000,0000,0000,4558,1e06,100,8
0000,0000,0000,0000,0000,0000,1e0a,5458,200,9
0000,0000,0000,0000,0000,0000,545b,1e1b,800,a
0000,0000,0000,0000,0000,0000,1e1e,555a,1000,b
0000,0000,0000,0000,0000,0000,4574,0f26,100,7
0000,0000,0000,0000,0000,0000,0f27,4575,200,8
0000,0000,0000,0000,0000,0000,4578,1e26,400,9
0000,0000,0000,0000,0000,0000,1e2a,5478,800,a
0000,0000,0000,0000,0000,0000,547b,1e3b,2000,b
0000,0000,0000,0000,0000,0000,1e3e,557a,4000,c
0000,0000,0000,0000,0000,0000,4584,2d04,200,8
0000,0000,0000,0000,0000,0000,2d05,4585,400,9
0000,0000,0000,0000,0000,0000,4587,2d15,1000,a
0000,0000,0000,0000,0000,0000,2d18,5486,2000,b
0000,0000,0000,0000,0000,0000,548a,3c18,4000,c
0000,0000,0000,0000,0000,0000,3c1b,549b,10000,d
0000,0000,0000,0000,0000,0000,549e,3d1a,20000,e
0000,0000,0000,0000,0000,0000,45b4,2d26,800,9
0000,0000,0000,0000,0000,0000,2d27,45b5,1000,a
0000,0000,0000,0000,0000,0000,45b8,3c26,2000,b
0000,0000,0000,0000,0000,0000,3c2a,54b8,4000,c
0000,0000,0000,0000,0000,0000,54bb,3c3b,10000,d
0000,0000,0000,0000,0000,0000,3c3e,55ba,20000,e
0000,0000,0000,0000,0000,0000,45e4,2f24,1000,a
0000,0000,0000,0000,0000,0000,2f25,45e5,2000,b
0000,0000,0000,0000,0000,0000,45e7,2f35,8000,c
0000,0000,0000,0000,0000,0000,2f38,54e6,10000,d
0000,0000,0000,0000,0000,0000,54ea,3e38,20000,e
0000,0000,0000,0000,0000,0000,3e3b,54fb,80000,f
0000,0000,0000,0000,0000,0000,54fe,3f3a,100000,10
0000,0000,0000,0000,0000,0000,45f4,2f26,6000,b
0000,0000,0000,0000,0000,0000,2f27,45f5,c000,c
0000,0000,0000,0000,0000,0000,45f8,3e26,18000,d
0000,0000,0000,0000,0000,0000,3e2a,54f8,30000,e
0000,0000,0000,0000,0000,0000,54fb,3e3b,c0000,f
0000,0000,0000,0000,0000,0000,3e3e,55fa,180000,10
0000,0000,0000,0000,0000,0000,4744,0f44,80,6
0000,0000,0000,0000,0000,0000,0f45,4745,100,7
0000,0000,0000,0000,0000,0000,4747,0f55,400,8
0000,0000,0000,0000,0000,0000,0f58,5646,800,9
0000,0000,0000,0000,0000,0000,564a,1e58,1000,a
0000,0000,0000,0000,0000,0000,1e5b,565b,4000,b
0000,0000,0000,0000,0000,0000,565e,1f5a,8000,c
0000,0000,0000,0000,0000,0000,4754,0f46,100,7
0000,0000,0000,0000,0000,0000,0f47,4755,200,8
0000,0000,0000,0000,0000,0000,4758,1e46,400,9
0000,0000,0000,0000,0000,0000,1e4a,5658,800,a
0000,0000,0000,0000,0000,0000,565b,1e5b,2000,b
0000,0000,0000,0000,0000,0000,1e5e,575a,4000,c
0000,0000,0000,0000,0000,0000,4774,0f66,400,8
0000,0000,0000,0000,0000,0000,0f67,4775,800,9
0000,0000,0000,0000,0000,0000,4778,1e66,1000,a
0000,0000,0000,0000,0000,0000,1e6a,5678,2000,b
0000,0000,0000,0000,0000,0000,567b,1e7b,8000,c
0000,0000,0000,0000,0000,0000,1e7e,577a,10000,d
0000,0000,0000,0000,0000,0000,4784,2d44,800,9
0000,0000,0000,0000,0000,0000,2d45,4785,1000,a
0000,0000,0000,0000,0000,0000,4787,2d55,4000,b
0000,0000,0000,0000,0000,0000,2d58,5686,8000,c
0000,0000,0000,0000,0000,0000,568a,3c58,10000,d
0000,0000,0000,0000,0000,0000,3c5b,569b,40000,e
0000,0000,0000,0000,0000,0000,569e,3d5a,80000,f
0000,0000,0000,0000,0000,0000,47b4,2d66,2000,a
0000,0000,0000,0000,0000,0000,2d67,47b5,4000,b
0000,0000,0000,0000,0000,0000,47b8,3c66,8000,c
0000,0000,0000,0000,0000,0000,3c6a,56b8,10000,d
0000,0000,0000,0000,0000,0000,56bb,3c7b,40000,e
0000,0000,0000,0000,0000,0000,3c7e,57ba,80000,f
0000,0000,0000,0000,0000,0000,47e4,2f64,4000,b
0000,0000,0000,0000,0000,0000,2f65,47e5,8000,c
0000,0000,0000,0000,0000,0000,47e7,2f75,20000,d
0000,0000,0000,0000,0000,0000,2f78,56e6,40000,e
0000,0000,0000,0000,0000,0000,56ea,3e78,80000,f
0000,0000,0000,0000,0000,0000,3e7b,56fb,200000,10
0000,0000,0000,0000,0000,0000,56fe,3f7a,400000,11
0000,0000,0000,0000,0000,0000,47f4,2f66,18000,c
0000,0000,0000,0000,0000,0000,2f67,47f5,30000,d
0000,0000,0000,0000,0000,0000,47f8,3e66,60000,e
0000,0000,0000,0000,0000,0000,3e6a,56f8,c0000,f
0000,0000,0000,0000,0000,0000,56fb,3e7b,300000,10
0000,0000,0000,0000,0000,0000,3e7e,57fa,600000,11
0000,0000,0000,0000,0000,0000,4844,4b00,100,7
0000,0000,0000,0000,0000,0000,4854,4b02,200,8
0000,0000,0000,0000,0000,0000,4b09,5845,400,9
0000,0000,0000,0000,0000,0000,584b,5a19,800,a
0000,0000,0000,0000,0000,0000,5a1f,595b,1000,b
0000,0000,0000,0000,0000,0000,4874,4b22,800,9
0000,0000,0000,0000,0000,0000,4b29,5865,1000,a
0000,0000,0000,0000,0000,0000,586b,5a39,2000,b
0000,0000,0000,0000,0000,0000,5a3f,597b,4000,c
0000,0000,0000,0000,0000,0000,4884,6900,1000,a
0000,0000,0000,0000,0000,0000,48b4,6922,4000,b
0000,0000,0000,0000,0000,0000,6929,58a5,8000,c
0000,0000,0000,0000,0000,0000,58ab,7839,10000,d
0000,0000,0000,0000,0000,0000,783f,59bb,20000,e
0000,0000,0000,0000,0000,0000,48e4,6b20,8000,c
0000,0000,0000,0000,0000,0000,48f4,6b22,30000,d
0000,0000,0000,0000,0000,0000,6b29,58e5,60000,e
0000,0000,0000,0000,0000,0000,58eb,7a39,c0000,f
0000,0000,0000,0000,0000,0000,7a3f,59fb,180000,10
0000,0000,0000,0000,0000,0000,4b44,4b44,400,8
0000,0000,0000,0000,0000,0000,4b45,4b45,800,9
0000,0000,0000,0000,0000,0000,4b47,4b55,2000,a
0000,0000,0000,0000,0000,0000,4b58,5a46,4000,b
0000,0000,0000,0000,0000,0000,5a4a,5a58,8000,c
0000,0000,0000,0000,0000,0000,5a5b,5a5b,20000,d
0000,0000,0000,0000,0000,0000,5a5e,5b5a,40000,e
0000,0000,0000,0000,0000,0000,4b54,4b46,800,9
0000,0000,0000,0000,0000,0000,4b47,4b55,1000,a
0000,0000,0000,0000,0000,0000,4b58,5a46,2000,b
0000,0000,0000,0000,0000,0000,5a4a,5a58,4000,c
0000,0000,0000,0000,0000,0000,5a5b,5a5b,10000,d
0000,0000,0000,0000,0000,0000,5a5e,5b5a,20000,e
0000,0000,0000,0000,0000,0000,4b74,4b66,2000,a
0000,0000,0000,0000,0000,0000,4b67,4b75,4000,b
0000,0000,0000,0000,0000,0000,4b78,5a66,8000,c
0000,0000,0000,0000,0000,0000,5a6a,5a78,10000,d
0000,0000,0000,0000,0000,0000,5a7b,5a7b,40000,e
0000,0000,0000,0000,0000,0000,5a7e,5b7a,80000,f
0000,0000,0000,0000,0000,0000,4b84,6944,4000,b
0000,0000,0000,0000,0000,0000,6945,4b85,8000,c
0000,0000,0000,0000,0000,0000,4b87,6955,20000,d
0000,0000,0000,0000,0000,0000,6958,5a86,40000,e
0000,0000,0000,0000,0000,0000,5a8a,7858,80000,f
0000,0000,0000,0000,0000,0000,785b,5a9b,200000,10
0000,0000,0000,0000,0000,0000,5a9e,795a,400000,11
0000,0000,0000,0000,0000,0000,4bb4,6966,10000,c
0000,0000,0000,0000,0000,0000,6967,4bb5,20000,d
0000,0000,0000,0000,0000,0000,4bb8,7866,40000,e
0000,0000,0000,0000,0000,0000,786a,5ab8,80000,f
0000,0000,0000,0000,0000,0000,5abb,787b,200000,10
0000,0000,0000,0000,0000,0000,787e,5bba,400000,11
0000,0000,0000,0000,0000,0000,4be4,6b64,20000,d
0000,0000,0000,0000,0000,0000,6b65,4be5,40000,e
0000,0000,0000,0000,0000,0000,4be7,6b75,100000,f
0000,0000,0000,0000,0000,0000,6b78,5ae6,200000,10
0000,0000,0000,0000,0000,0000,5aea,7a78,400000,11
0000,0000,0000,0000,0000,0000,7a7b,5afb,1000000,12
0000,0000,0000,0000,0000,0000,5afe,7b7a,2000000,13
0000,0000,0000,0000,0000,0000,4bf4,6b66,c0000,e
0000,0000,0000,0000,0000,0000,6b67,4bf5,180000,f
0000,0000,0000,0000,0000,0000,4bf8,7a66,300000,10
0000,0000,0000,0000,0000,0000,7a6a,5af8,600000,11
0000,0000,0000,0000,0000,0000,5afb,7a7b,1800000,12
0000,0000,0000,0000,0000,0000,7a7e,5bfa,3000000,13
0000,0000,0000,0000,0000,0000,4e44,4f40,800,9
0000,0000,0000,0000,0000,0000,4e54,4f42,1000,a
0000,0000,0000,0000,0000,0000,4f49,5e45,2000,b
0000,0000,0000,0000,0000,0000,5e4b,5e59,4000,c
0000,0000,0000,0000,0000,0000,5e5f,5f5b,8000,d
0000,0000,0000,0000,0000,0000,4e74,4f62,4000,b
0000,0000,0000,0000,0000,0000,4f69,5e65,8000,c
0000,0000,0000,0000,0000,0000,5e6b,5e79,10000,d
0000,0000,0000,0000,0000,0000,5e7f,5f7b,20000,e
0000,0000,0000,0000,0000,0000,4e84,6d40,8000,c
0000,0000,0000,0000,0000,0000,4eb4,6d62,20000,d
0000,0000,0000,0000,0000,0000,6d69,5ea5,40000,e
0000,0000,0000,0000,0000,0000,5eab,7c79,80000,f
0000,0000,0000,0000,0000,0000,7c7f,5fbb,100000,10
0000,0000,0000,0000,0000,0000,4ee4,6f60,40000,e
0000,0000,0000,0000,0000,0000,4ef4,6f62,180000,f
0000,0000,0000,0000,0000,0000,6f69,5ee5,300000,10
0000,0000,0000,0000,0000,0000,5eeb,7e79,600000,11
0000,0000,0000,0000,0000,0000,7e7f,5ffb,c00000,12
0000,0000,0000,0000,0000,0000,4f44,4f44,3000,a
0000,0000,0000,0000,0000,0000,4f45,4f45,6000,b
0000,0000,0000,0000,0000,0000,4f47,4f55,18000,c
0000,0000,0000,0000,0000,0000,4f58,5e46,30000,d
0000,0000,0000,0000,0000,0000,5e4a,5e58,60000,e
0000,0000,0000,0000,0000,0000,5e5b,5e5b,180000,f
0000,0000,0000,0000,0000,0000,5e5e,5f5a,300000,10
0000,0000,0000,0000,0000,0000,4f54,4f46,6000,b
0000,0000,0000,0000,0000,0000,4f47,4f55,c000,c
0000,0000,0000,0000,0000,0000,4f58,5e46,18000,d
0000,0000,0000,0000,0000,0000,5e4a,5e58,30000,e
0000,0000,0000,0000,0000,0000,5e5b,5e5b,c0000,f
0000,0000,0000,0000,0000,0000,5e5e,5f5a,180000,10
0000,0000,0000,0000,0000,0000,4f74,4f66,18000,c
0000,0000,0000,0000,0000,0000,4f67,4f75,30000,d
0000,0000,0000,0000,0000,0000,4f78,5e66,60000,e
0000,0000,0000,0000,0000,0000,5e6a,5e78,c0000,f
0000,0000,0000,0000,0000,0000,5e7b,5e7b,300000,10
0000,0000,0000,0000,0000,0000,5e7e,5f7a,600000,11
0000,0000,0000,0000,0000,0000,4f84,6d44,30000,d
0000,0000,0000,0000,0000,0000,6d45,4f85,60000,e
0000,0000,0000,0000,0000,0000,4f87,6d55,180000,f
0000,0000,0000,0000,0000,0000,6d58,5e86,300000,10
0000,0000,0000,0000,0000,0000,5e8a,7c58,600000,11
0000,0000,0000,0000,0000,0000,7c5b,5e9b,1800000,12
0000,0000,0000,0000,0000,0000,5e9e,7d5a,3000000,13
0000,0000,0000,0000,0000,0000,4fb4,6d66,c0000,e
0000,0000,0000,0000,0000,0000,6d67,4fb5,180000,f
0000,0000,0000,0000,0000,0000,4fb8,7c66,300000,10
0000,0000,0000,0000,0000,0000,7c6a,5eb8,600000,11
0000,0000,0000,0000,0000,0000,5ebb,7c7b,1800000,12
0000,0000,0000,0000,0000,0000,7c7e,5fba,3000000,13
0000,0000,0000,0000,0000,0000,4fe4,6f64,180000,f
0000,0000,0000,0000,0000,0000,6f65,4fe5,300000,10
0000,0000,0000,0000,0000,0000,4fe7,6f75,c00000,11
0000,0000,0000,0000,0000,0000,6f78,5ee6,1800000,12
0000,0000,0000,0000,0000,0000,5eea,7e78,3000000,13
0000,0000,0000,0000,0000,0000,7e7b,5efb,c000000,14
0000,0000,0000,0000,0000,0000,5efe,7f7a,18000000,15
0000,0000,0000,0000,0000,0000,4ff4,6f66,900000,10
0000,0000,0000,0000,0000,0000,6f67,4ff5,1200000,11
0000,0000,0000,0000,0000,0000,4ff8,7e66,2400000,12
0000,0000,0000,0000,0000,0000,7e6a,5ef8,4800000,13
0000,0000,0000,0000,0000,0000,5efb,7e7b,12000000,14
0000,0000,0000,0000,0000,0000,7e7e,5ffa,24000000,15
0000,0000,0000,0000,0000,0000,5444,0f08,20,5
0000,0000,0000,0000,0000,0000,0f05,4545,40,6
0000,0000,0000,0000,0000,0000,4547,0f15,100,7
0000,0000,0000,0000,0000,0000,0f18,5446,200,8
0000,0000,0000,0000,0000,0000,544a,1e18,400,9
0000,0000,0000,0000,0000,0000,1e1b,545b,1000,a
0000,0000,0000,0000,0000,0000,545e,1f1a,2000,b
0000,0000,0000,0000,0000,0000,5454,0f0a,40,6
0000,0000,0000,0000,0000,0000,0f05,4545,80,7
0000,0000,0000,0000,0000,0000,4547,0f15,200,8
0000,0000,0000,0000,0000,0000,0f18,5446,400,9
0000,0000,0000,0000,0000,0000,544a,1e18,800,a
0000,0000,0000,0000,0000,0000,1e1b,545b,2000,b
0000,0000,0000,0000,0000,0000,545e,1f1a,4000,c
0000,0000,0000,0000,0000,0000,5474,0f2a,100,7
0000,0000,0000,0000,0000,0000,0f25,4565,200,8
0000,0000,0000,0000,0000,0000,4567,0f35,800,9
0000,0000,0000,0000,0000,0000,0f38,5466,1000,a
0000,0000,0000,0000,0000,0000,546a,1e38,2000,b
0000,0000,0000,0000,0000,0000,1e3b,547b,8000,c
0000,0000,0000,0000,0000,0000,547e,1f3a,10000,d
0000,0000,0000,0000,0000,0000,5484,2d08,200,8
0000,0000,0000,0000,0000,0000,2d05,4585,400,9
0000,0000,0000,0000,0000,0000,4587,2d15,1000,a
0000,0000,0000,0000,0000,0000,2d18,5486,2000,b
0000,0000,0000,0000,0000,0000,548a,3c18,4000,c
0000,0000,0000,0000,0000,0000,3c1b,549b,10000,d
0000,0000,0000,0000,0000,0000,549e,3d1a,20000,e
0000,0000,0000,0000,0000,0000,54b4,2d2a,800,9
0000,0000,0000,0000,0000,0000,2d25,45a5,1000,a
0000,0000,0000,0000,0000,0000,45a7,2d35,4000,b
0000,0000,0000,0000,0000,0000,2d38,54a6,8000,c
0000,0000,0000,0000,0000,0000,54aa,3c38,10000,d
0000,0000,0000,0000,0000,0000,3c3b,54bb,40000,e
0000,0000,0000,0000,0000,0000,54be,3d3a,80000,f
0000,0000,0000,0000,0000,0000,54e4,2f28,1000,a
0000,0000,0000,0000,0000,0000,2f25,45e5,2000,b
0000,0000,0000,0000,0000,0000,45e7,2f35,8000,c
0000,0000,0000,0000,0000,0000,2f38,54e6,10000,d
0000,0000,0000,0000,0000,0000,54ea,3e38,20000,e
0000,0000,0000,0000,0000,0000,3e3b,54fb,80000,f
0000,0000,0000,0000,0000,0000,54fe,3f3a,100000,10
0000,0000,0000,0000,0000,0000,54f4,2f2a,6000,b
0000,0000,0000,0000,0000,0000,2f25,45e5,c000,c
0000,0000,0000,0000,0000,0000,45e7,2f35,30000,d
0000,0000,0000,0000,0000,0000,2f38,54e6,60000,e
0000,0000,0000,0000,0000,0000,54ea,3e38,c0000,f
0000,0000,0000,0000,0000,0000,3e3b,54fb,300000,10
0000,0000,0000,0000,0000,0000,54fe,3f3a,600000,11
0000,0000,0000,0000,0000,0000,5544,0f0c,40,6
0000,0000,0000,0000,0000,0000,0f05,4545,80,7
0000,0000,0000,0000,0000,0000,4547,0f15,200,8
0000,0000,0000,0000,0000,0000,0f18,5446,400,9
0000,0000,0000,0000,0000,0000,544a,1e18,800,a
0000,0000,0000,0000,0000,0000,1e1b,545b,2000,b
0000,0000,0000,0000,0000,0000,545e,1f1a,4000,c
0000,0000,0000,0000,0000,0000,5554,0f0e,80,7
0000,0000,0000,0000,0000,0000,0f0a,5454,100,8
0000,0000,0000,0000,0000,0000,545b,1e1b,200,9
0000,0000,0000,0000,0000,0000,1e1e,555a,400,a
0000,0000,0000,0000,0000,0000,5574,0f2e,200,8
0000,0000,0000,0000,0000,0000,0f2a,5474,400,9
0000,0000,0000,0000,0000,0000,547b,1e3b,800,a
0000,0000,0000,0000,0000,0000,1e3e,557a,1000,b
0000,0000,0000,0000,0000,0000,5584,2d0c,400,9
0000,0000,0000,0000,0000,0000,2d05,4585,800,a
0000,0000,0000,0000,0000,0000,4587,2d15,2000,b
0000,0000,0000,0000,0000,0000,2d18,5486,4000,c
0000,0000,0000,0000,0000,0000,548a,3c18,8000,d
0000,0000,0000,0000,0000,0000,3c1b,549b,20000,e
0000,0000,0000,0000,0000,0000,549e,3d1a,40000,f
0000,0000,0000,0000,0000,0000,55b4,2d2e,1000,a
0000,0000,0000,0000,0000,0000,2d2a,54b4,2000,b
0000,0000,0000,0000,0000,0000,54bb,3c3b,4000,c
0000,0000,0000,0000,0000,0000,3c3e,55ba,8000,d
0000,0000,0000,0000,0000,0000,55e4,2f2c,2000,b
0000,0000,0000,0000,0000,0000,2f25,45e5,4000,c
0000,0000,0000,0000,0000,0000,45e7,2f35,10000,d
0000,0000,0000,0000,0000,0000,2f38,54e6,20000,e
0000,0000,0000,0000,0000,0000,54ea,3e38,40000,f
0000,0000,0000,0000,0000,0000,3e3b,54fb,100000,10
0000,0000,0000,0000,0000,0000,54fe,3f3a,200000,11
0000,0000,0000,0000,0000,0000,55f4,2f2e,c000,c
0000,0000,0000,0000,0000,0000,2f2a,54f4,18000,d
0000,0000,0000,0000,0000,0000,54fb,3e3b,30000,e
0000,0000,0000,0000,0000,0000,3e3e,55fa,60000,f
0000,0000,0000,0000,0000,0000,5744,0f4c,100,7
0000,0000,0000,0000,0000,0000,0f45,4745,200,8
0000,0000,0000,0000,0000,0000,4747,0f55,800,9
0000,0000,0000,0000,0000,0000,0f58,5646,1000,a
0000,0000,0000,0000,0000,0000,564a,1e58,2000,b
0000,0000,0000,0000,0000,0000,1e5b,565b,8000,c
0000,0000,0000,0000,0000,0000,565e,1f5a,10000,d
0000,0000,0000,0000,0000,0000,5754,0f4e,200,8
0000,0000,0000,0000,0000,0000,0f4a,5654,400,9
0000,0000,0000,0000,0000,0000,565b,1e5b,800,a
0000,0000,0000,0000,0000,0000,1e5e,575a,1000,b
0000,0000,0000,0000,0000,0000,5774,0f6e,800,9
0000,0000,0000,0000,0000,0000,0f6a,5674,1000,a
0000,0000,0000,0000,0000,0000,567b,1e7b,2000,b
0000,0000,0000,0000,0000,0000,1e7e,577a,4000,c
0000,0000,0000,0000,0000,0000,5784,2d4c,1000,a
0000,0000,0000,0000,0000,0000,2d45,4785,2000,b
0000,0000,0000,0000,0000,0000,4787,2d55,8000,c
0000,0000,0000,0000,0000,0000,2d58,5686,10000,d
0000,0000,0000,0000,0000,0000,568a,3c58,20000,e
0000,0000,0000,0000,0000,0000,3c5b,569b,80000,f
0000,0000,0000,0000,0000,0000,569e,3d5a,100000,10
0000,0000,0000,0000,0000,0000,57b4,2d6e,4000,b
0000,0000,0000,0000,0000,0000,2d6a,56b4,8000,c
0000,0000,0000,0000,0000,0000,56bb,3c7b,10000,d
0000,0000,0000,0000,0000,0000,3c7e,57ba,20000,e
0000,0000,0000,0000,0000,0000,57e4,2f6c,8000,c
0000,0000,0000,0000,0000,0000,2f65,47e5,10000,d
0000,0000,0000,0000,0000,0000,47e7,2f75,40000,e
0000,0000,0000,0000,0000,0000,2f78,56e6,80000,f
0000,0000,0000,0000,0000,0000,56ea,3e78,100000,10
0000,0000,0000,0000,0000,0000,3e7b,56fb,400000,11
0000,0000,0000,0000,0000,0000,56fe,3f7a,800000,12
0000,0000,0000,0000,0000,0000,57f4,2f6e,30000,d
0000,0000,0000,0000,0000,0000,2f6a,56f4,60000,e
0000,0000,0000,0000,0000,0000,56fb,3e7b,c0000,f
0000,0000,0000,0000,0000,0000,3e7e,57fa,180000,10
0000,0000,0000,0000,0000,0000,5844,4b08,200,8
0000,0000,0000,0000,0000,0000,4b05,4945,400,9
0000,0000,0000,0000,0000,0000,4947,4b15,1000,a
0000,0000,0000,0000,0000,0000,4b18,5846,2000,b
0000,0000,0000,0000,0000,0000,584a,5a18,4000,c
0000,0000,0000,0000,0000,0000,5a1b,585b,10000,d
0000,0000,0000,0000,0000,0000,585e,5b1a,20000,e
0000,0000,0000,0000,0000,0000,5854,4b0a,400,9
0000,0000,0000,0000,0000,0000,4b05,4945,800,a
0000,0000,0000,0000,0000,0000,4947,4b15,2000,b
0000,0000,0000,0000,0000,0000,4b18,5846,4000,c
0000,0000,0000,0000,0000,0000,584a,5a18,8000,d
0000,0000,0000,0000,0000,0000,5a1b,585b,20000,e
0000,0000,0000,0000,0000,0000,585e,5b1a,40000,f
0000,0000,0000,0000,0000,0000,5874,4b2a,1000,a
0000,0000,0000,0000,0000,0000,4b25,4965,2000,b
0000,0000,0000,0000,0000,0000,4967,4b35,8000,c
0000,0000,0000,0000,0000,0000,4b38,5866,10000,d
0000,0000,0000,0000,0000,0000,586a,5a38,20000,e
0000,0000,0000,0000,0000,0000,5a3b,587b,80000,f
0000,0000,0000,0000,0000,0000,587e,5b3a,100000,10
0000,0000,0000,0000,0000,0000,5884,6908,2000,b
0000,0000,0000,0000,0000,0000,6905,4985,4000,c
0000,0000,0000,0000,0000,0000,4987,6915,10000,d
0000,0000,0000,0000,0000,0000,6918,5886,20000,e
0000,0000,0000,0000,0000,0000,588a,7818,40000,f
0000,0000,0000,0000,0000,0000,781b,589b,100000,10
0000,0000,0000,0000,0000,0000,589e,791a,200000,11
0000,0000,0000,0000,0000,0000,58b4,692a,8000,c
0000,0000,0000,0000,0000,0000,6925,49a5,10000,d
0000,0000,0000,0000,0000,0000,49a7,6935,40000,e
0000,0000,0000,0000,0000,0000,6938,58a6,80000,f
0000,0000,0000,0000,0000,0000,58aa,7838,100000,10
0000,0000,0000,0000,0000,0000,783b,58bb,400000,11
0000,0000,0000,0000,0000,0000,58be,793a,800000,12
0000,0000,0000,0000,0000,0000,58e4,6b28,10000,d
0000,0000,0000,0000,0000,0000,6b25,49e5,20000,e
0000,0000,0000,0000,0000,0000,49e7,6b35,80000,f
0000,0000,0000,0000,0000,0000,6b38,58e6,100000,10
0000,0000,0000,0000,0000,0000,58ea,7a38,200000,11
0000,0000,0000,0000,0000,0000,7a3b,58fb,800000,12
0000,0000,0000,0000,0000,0000,58fe,7b3a,1000000,13
0000,0000,0000,0000,0000,0000,58f4,6b2a,60000,e
0000,0000,0000,0000,0000,0000,6b25,49e5,c0000,f
0000,0000,0000,0000,0000,0000,49e7,6b35,300000,10
0000,0000,0000,0000,0000,0000,6b38,58e6,600000,11
0000,0000,0000,0000,0000,0000,58ea,7a38,c00000,12
0000,0000,0000,0000,0000,0000,7a3b,58fb,3000000,13
0000,0000,0000,0000,0000,0000,58fe,7b3a,6000000,14
0000,0000,0000,0000,0000,0000,5b44,4b4c,800,9
0000,0000,0000,0000,0000,0000,4b45,4b45,1000,a
0000,0000,0000,0000,0000,0000,4b47,4b55,4000,b
0000,0000,0000,0000,0000,0000,4b58,5a46,8000,c
0000,0000,0000,0000,0000,0000,5a4a,5a58,10000,d
0000,0000,0000,0000,0000,0000,5a5b,5a5b,40000,e
0000,0000,0000,0000,0000,0000,5a5e,5b5a,80000,f
0000,0000,0000,0000,0000,0000,5b54,4b4e,1000,a
0000,0000,0000,0000,0000,0000,4b4a,5a54,2000,b
0000,0000,0000,0000,0000,0000,5a5b,5a5b,4000,c
0000,0000,0000,0000,0000,0000,5a5e,5b5a,8000,d
0000,0000,0000,0000,0000,0000,5b74,4b6e,4000,b
0000,0000,0000,0000,0000,0000,4b6a,5a74,8000,c
0000,0000,0000,0000,0000,0000,5a7b,5a7b,10000,d
0000,0000,0000,0000,0000,0000,5a7e,5b7a,20000,e
0000,0000,0000,0000,0000,0000,5b84,694c,8000,c
0000,0000,0000,0000,0000,0000,6945,4b85,10000,d
0000,0000,0000,0000,0000,0000,4b87,6955,40000,e
0000,0000,0000,0000,0000,0000,6958,5a86,80000,f
0000,0000,0000,0000,0000,0000,5a8a,7858,100000,10
0000,0000,0000,0000,0000,0000,785b,5a9b,400000,11
0000,0000,0000,0000,0000,0000,5a9e,795a,800000,12
0000,0000,0000,0000,0000,0000,5bb4,696e,20000,d
0000,0000,0000,0000,0000,0000,696a,5ab4,40000,e
0000,0000,0000,0000,0000,0000,5abb,787b,80000,f
0000,0000,0000,0000,0000,0000,787e,5bba,100000,10
0000,0000,0000,0000,0000,0000,5be4,6b6c,40000,e
0000,0000,0000,0000,0000,0000,6b65,4be5,80000,f
0000,0000,0000,0000,0000,0000,4be7,6b75,200000,10
0000,0000,0000,0000,0000,0000,6b78,5ae6,400000,11
0000,0000,0000,0000,0000,0000,5aea,7a78,800000,12
0000,0000,0000,0000,0000,0000,7a7b,5afb,2000000,13
0000,0000,0000,0000,0000,0000,5afe,7b7a,4000000,14
0000,0000,0000,0000,0000,0000,5bf4,6b6e,180000,f
0000,0000,0000,0000,0000,0000,6b6a,5af4,300000,10
0000,0000,0000,0000,0000,0000,5afb,7a7b,600000,11
0000,0000,0000,0000,0000,0000,7a7e,5bfa,c00000,12
0000,0000,0000,0000,0000,0000,5e44,4f48,1000,a
0000,0000,0000,0000,0000,0000,4f45,4f45,2000,b
0000,0000,0000,0000,0000,0000,4f47,4f55,8000,c
0000,0000,0000,0000,0000,0000,4f58,5e46,10000,d
0000,0000,0000,0000,0000,0000,5e4a,5e58,20000,e
0000,0000,0000,0000,0000,0000,5e5b,5e5b,80000,f
0000,0000,0000,0000,0000,0000,5e5e,5f5a,100000,10
0000,0000,0000,0000,0000,0000,5e54,4f4a,2000,b
0000,0000,0000,0000,0000,0000,4f45,4f45,4000,c
0000,0000,0000,0000,0000,0000,4f47,4f55,10000,d
0000,0000,0000,0000,0000,0000,4f58,5e46,20000,e
0000,0000,0000,0000,0000,0000,5e4a,5e58,40000,f
0000,0000,0000,0000,0000,0000,5e5b,5e5b,100000,10
0000,0000,0000,0000,0000,0000,5e5e,5f5a,200000,11
0000,0000,0000,0000,0000,0000,5e74,4f6a,8000,c
0000,0000,0000,0000,0000,0000,4f65,4f65,10000,d
0000,0000,0000,0000,0000,0000,4f67,4f75,40000,e
0000,0000,0000,0000,0000,0000,4f78,5e66,80000,f
0000,0000,0000,0000,0000,0000,5e6a,5e78,100000,10
0000,0000,0000,0000,0000,0000,5e7b,5e7b,400000,11
0000,0000,0000,0000,0000,0000,5e7e,5f7a,800000,12
0000,0000,0000,0000,0000,0000,5e84,6d48,10000,d
0000,0000,0000,0000,0000,0000,6d45,4f85,20000,e
0000,0000,0000,0000,0000,0000,4f87,6d55,80000,f
0000,0000,0000,0000,0000,0000,6d58,5e86,100000,10
0000,0000,0000,0000,0000,0000,5e8a,7c58,200000,11
0000,0000,0000,0000,0000,0000,7c5b,5e9b,800000,12
0000,0000,0000,0000,0000,0000,5e9e,7d5a,1000000,13
0000,0000,0000,0000,0000,0000,5eb4,6d6a,40000,e
0000,0000,0000,0000,0000,0000,6d65,4fa5,80000,f
0000,0000,0000,0000,0000,0000,4fa7,6d75,200000,10
0000,0000,0000,0000,0000,0000,6d78,5ea6,400000,11
0000,0000,0000,0000,0000,0000,5eaa,7c78,800000,12
0000,0000,0000,0000,0000,0000,7c7b,5ebb,2000000,13
0000,0000,0000,0000,0000,0000,5ebe,7d7a,4000000,14
0000,0000,0000,0000,0000,0000,5ee4,6f68,80000,f
0000,0000,0000,0000,0000,0000,6f65,4fe5,100000,10
0000,0000,0000,0000,0000,0000,4fe7,6f75,400000,11
0000,0000,0000,0000,0000,0000,6f78,5ee6,800000,12
0000,0000,0000,0000,0000,0000,5eea,7e78,1000000,13
0000,0000,0000,0000,0000,0000,7e7b,5efb,4000000,14
0000,0000,0000,0000,0000,0000,5efe,7f7a,8000000,15
0000,0000,0000,0000,0000,0000,5ef4,6f6a,300000,10
0000,0000,0000,0000,0000,0000,6f65,4fe5,600000,11
0000,0000,0000,0000,0000,0000,4fe7,6f75,1800000,12
0000,0000,0000,0000,0000,0000,6f78,5ee6,3000000,13
0000,0000,0000,0000,0000,0000,5eea,7e78,6000000,14
0000,0000,0000,0000,0000,0000,7e7b,5efb,18000000,15
0000,0000,0000,0000,0000,0000,5efe,7f7a,30000000,16
0000,0000,0000,0000,0000,0000,5f44,4f4c,6000,b
0000,0000,0000,0000,0000,0000,4f45,4f45,c000,c
0000,0000,0000,0000,0000,0000,4f47,4f55,30000,d
0000,0000,0000,0000,0000,0000,4f58,5e46,60000,e
0000,0000,0000,0000,0000,0000,5e4a,5e58,c0000,f
0000,0000,0000,0000,0000,0000,5e5b,5e5b,300000,10
0000,0000,0000,0000,0000,0000,5e5e,5f5a,600000,11
0000,0000,0000,0000,0000,0000,5f54,4f4e,c000,c
0000,0000,0000,0000,0000,0000,4f4a,5e54,18000,d
0000,0000,0000,0000,0000,0000,5e5b,5e5b,30000,e
0000,0000,0000,0000,0000,0000,5e5e,5f5a,60000,f
0000,0000,0000,0000,0000,0000,5f74,4f6e,30000,d
0000,0000,0000,0000,0000,0000,4f6a,5e74,60000,e
0000,0000,0000,0000,0000,0000,5e7b,5e7b,c0000,f
0000,0000,0000,0000,0000,0000,5e7e,5f7a,180000,10
0000,0000,0000,0000,0000,0000,5f84,6d4c,60000,e
0000,0000,0000,0000,0000,0000,6d45,4f85,c0000,f
0000,0000,0000,0000,0000,0000,4f87,6d55,300000,10
0000,0000,0000,0000,0000,0000,6d58,5e86,600000,11
0000,0000,0000,0000,0000,0000,5e8a,7c58,c00000,12
0000,0000,0000,0000,0000,0000,7c5b,5e9b,3000000,13
0000,0000,0000,0000,0000,0000,5e9e,7d5a,6000000,14
0000,0000,0000,0000,0000,0000,5fb4,6d6e,180000,f
0000,0000,0000,0000,0000,0000,6d6a,5eb4,300000,10
0000,0000,0000,0000,0000,0000,5ebb,7c7b,600000,11
0000,0000,0000,0000,0000,0000,7c7e,5fba,c00000,12
0000,0000,0000,0000,0000,0000,5fe4,6f6c,300000,10
0000,0000,0000,0000,0000,0000,6f65,4fe5,600000,11
0000,0000,0000,0000,0000,0000,4fe7,6f75,1800000,12
0000,0000,0000,0000,0000,0000,6f78,5ee6,3000000,13
0000,0000,0000,0000,0000,0000,5eea,7e78,6000000,14
0000,0000,0000,0000,0000,0000,7e7b,5efb,18000000,15
0000,0000,0000,0000,0000,0000,5efe,7f7a,30000000,16
0000,0000,0000,0000,0000,0000,5ff4,6f6e,1200000,11
0000,0000,0000,0000,0000,0000,6f6a,5ef4,2400000,12
0000,0000,0000,0000,0000,0000,5efb,7e7b,4800000,13
0000,0000,0000,0000,0000,0000,7e7e,5ffa,9000000,14
0000,0000,0000,0000,0000,0000,7444,0f88,80,6
0000,0000,0000,0000,0000,0000,0f85,6545,100,7
0000,0000,0000,0000,0000,0000,6547,0f95,400,8
0000,0000,0000,0000,0000,0000,0f98,7446,800,9
0000,0000,0000,0000,0000,0000,744a,1e98,1000,a
0000,0000,0000,0000,0000,0000,1e9b,745b,4000,b
0000,0000,0000,0000,0000,0000,745e,1f9a,8000,c
0000,0000,0000,0000,0000,0000,7454,0f8a,100,7
0000,0000,0000,0000,0000,0000,0f85,6545,200,8
0000,0000,0000,0000,0000,0000,6547,0f95,800,9
0000,0000,0000,0000,0000,0000,0f98,7446,1000,a
0000,0000,0000,0000,0000,0000,744a,1e98,2000,b
0000,0000,0000,0000,0000,0000,1e9b,745b,8000,c
0000,0000,0000,0000,0000,0000,745e,1f9a,10000,d
0000,0000,0000,0000,0000,0000,7474,0faa,400,8
0000,0000,0000,0000,0000,0000,0fa5,6565,800,9
0000,0000,0000,0000,0000,0000,6567,0fb5,2000,a
0000,0000,0000,0000,0000,0000,0fb8,7466,4000,b
0000,0000,0000,0000,0000,0000,746a,1eb8,8000,c
0000,0000,0000,0000,0000,0000,1ebb,747b,20000,d
0000,0000,0000,0000,0000,0000,747e,1fba,40000,e
0000,0000,0000,0000,0000,0000,7484,2d88,800,9
0000,0000,0000,0000,0000,0000,2d85,6585,1000,a
0000,0000,0000,0000,0000,0000,6587,2d95,4000,b
0000,0000,0000,0000,0000,0000,2d98,7486,8000,c
0000,0000,0000,0000,0000,0000,748a,3c98,10000,d
0000,0000,0000,0000,0000,0000,3c9b,749b,40000,e
0000,0000,0000,0000,0000,0000,749e,3d9a,80000,f
0000,0000,0000,0000,0000,0000,74b4,2daa,2000,a
0000,0000,0000,0000,0000,0000,2da5,65a5,4000,b
0000,0000,0000,0000,0000,0000,65a7,2db5,10000,c
0000,0000,0000,0000,0000,0000,2db8,74a6,20000,d
0000,0000,0000,0000,0000,0000,74aa,3cb8,40000,e
0000,0000,0000,0000,0000,0000,3cbb,74bb,100000,f
0000,0000,0000,0000,0000,0000,74be,3dba,200000,10
0000,0000,0000,0000,0000,0000,74e4,2fa8,4000,b
0000,0000,0000,0000,0000,0000,2fa5,65e5,8000,c
0000,0000,0000,0000,0000,0000,65e7,2fb5,20000,d
0000,0000,0000,0000,0000,0000,2fb8,74e6,40000,e
0000,0000,0000,0000,0000,0000,74ea,3eb8,80000,f
0000,0000,0000,0000,0000,0000,3ebb,74fb,200000,10
0000,0000,0000,0000,0000,0000,74fe,3fba,400000,11
0000,0000,0000,0000,0000,0000,74f4,2faa,18000,c
0000,0000,0000,0000,0000,0000,2fa5,65e5,30000,d
0000,0000,0000,0000,0000,0000,65e7,2fb5,c0000,e
0000,0000,0000,0000,0000,0000,2fb8,74e6,180000,f
0000,0000,0000,0000,0000,0000,74ea,3eb8,300000,10
0000,0000,0000,0000,0000,0000,3ebb,74fb,c00000,11
0000,0000,0000,0000,0000,0000,74fe,3fba,1800000,12
0000,0000,0000,0000,0000,0000,7544,0f8c,100,7
0000,0000,0000,0000,0000,0000,0f85,6545,200,8
0000,0000,0000,0000,0000,0000,6547,0f95,800,9
0000,0000,0000,0000,0000,0000,0f98,7446,1000,a
0000,0000,0000,0000,0000,0000,744a,1e98,2000,b
0000,0000,0000,0000,0000,0000,1e9b,745b,8000,c
0000,0000,0000,0000,0000,0000,745e,1f9a,10000,d
0000,0000,0000,0000,0000,0000,7554,0f8e,200,8
0000,0000,0000,0000,0000,0000,0f8a,7454,400,9
0000,0000,0000,0000,0000,0000,745b,1e9b,800,a
0000,0000,0000,0000,0000,0000,1e9e,755a,1000,b
0000,0000,0000,0000,0000,0000,7574,0fae,800,9
0000,0000,0000,0000,0000,0000,0faa,7474,1000,a
0000,0000,0000,0000,0000,0000,747b,1ebb,2000,b
0000,0000,0000,0000,0000,0000,1ebe,757a,4000,c
0000,0000,0000,0000,0000,0000,7584,2d8c,1000,a
0000,0000,0000,0000,0000,0000,2d85,6585,2000,b
0000,0000,0000,0000,0000,0000,6587,2d95,8000,c
0000,0000,0000,0000,0000,0000,2d98,7486,10000,d
0000,0000,0000,0000,0000,0000,748a,3c98,20000,e
0000,0000,0000,0000,0000,0000,3c9b,749b,80000,f
0000,0000,0000,0000,0000,0000,749e,3d9a,100000,10
0000,0000,0000,0000,0000,0000,75b4,2dae,4000,b
0000,0000,0000,0000,0000,0000,2daa,74b4,8000,c
0000,0000,0000,0000,0000,0000,74bb,3cbb,10000,d
0000,0000,0000,0000,0000,0000,3cbe,75ba,20000,e
0000,0000,0000,0000,0000,0000,75e4,2fac,8000,c
0000,0000,0000,0000,0000,0000,2fa5,65e5,10000,d
0000,0000,0000,0000,0000,0000,65e7,2fb5,40000,e
0000,0000,0000,0000,0000,0000,2fb8,74e6,80000,f
0000,0000,0000,0000,0000,0000,74ea,3eb8,100000,10
0000,0000,0000,0000,0000,0000,3ebb,74fb,400000,11
0000,0000,0000,0000,0000,0000,74fe,3fba,800000,12
0000,0000,0000,0000,0000,0000,75f4,2fae,30000,d
0000,0000,0000,0000,0000,0000,2faa,74f4,60000,e
0000,0000,0000,0000,0000,0000,74fb,3ebb,c0000,f
0000,0000,0000,0000,0000,0000,3ebe,75fa,180000,10
0000,0000,0000,0000,0000,0000,7744,0fcc,400,8
0000,0000,0000,0000,0000,0000,0fc5,6745,800,9
0000,0000,0000,0000,0000,0000,6747,0fd5,2000,a
0000,0000,0000,0000,0000,0000,0fd8,7646,4000,b
0000,0000,0000,0000,0000,0000,764a,1ed8,8000,c
0000,0000,0000,0000,0000,0000,1edb,765b,20000,d
0000,0000,0000,0000,0000,0000,765e,1fda,40000,e
0000,0000,0000,0000,0000,0000,7754,0fce,800,9
0000,0000,0000,0000,0000,0000,0fca,7654,1000,a
0000,0000,0000,0000,0000,0000,765b,1edb,2000,b
0000,0000,0000,0000,0000,0000,1ede,775a,4000,c
0000,0000,0000,0000,0000,0000,7774,0fee,2000,a
0000,0000,0000,0000,0000,0000,0fea,7674,4000,b
0000,0000,0000,0000,0000,0000,767b,1efb,8000,c
0000,0000,0000,0000,0000,0000,1efe,777a,10000,d
0000,0000,0000,0000,0000,0000,7784,2dcc,4000,b
0000,0000,0000,0000,0000,0000,2dc5,6785,8000,c
0000,0000,0000,0000,0000,0000,6787,2dd5,20000,d
0000,0000,0000,0000,0000,0000,2dd8,7686,40000,e
0000,0000,0000,0000,0000,0000,768a,3cd8,80000,f
0000,0000,0000,0000,0000,0000,3cdb,769b,200000,10
0000,0000,0000,0000,0000,0000,769e,3dda,400000,11
0000,0000,0000,0000,0000,0000,77b4,2dee,10000,c
0000,0000,0000,0000,0000,0000,2dea,76b4,20000,d
0000,0000,0000,0000,0000,0000,76bb,3cfb,40000,e
0000,0000,0000,0000,0000,0000,3cfe,77ba,80000,f
0000,0000,0000,0000,0000,0000,77e4,2fec,20000,d
0000,0000,0000,0000,0000,0000,2fe5,67e5,40000,e
0000,0000,0000,0000,0000,0000,67e7,2ff5,100000,f
0000,0000,0000,0000,0000,0000,2ff8,76e6,200000,10
0000,0000,0000,0000,0000,0000,76ea,3ef8,400000,11
0000,0000,0000,0000,0000,0000,3efb,76fb,1000000,12
0000,0000,0000,0000,0000,0000,76fe,3ffa,2000000,13
0000,0000,0000,0000,0000,0000,77f4,2fee,c0000,e
0000,0000,0000,0000,0000,0000,2fea,76f4,180000,f
0000,0000,0000,0000,0000,0000,76fb,3efb,300000,10
0000,0000,0000,0000,0000,0000,3efe,77fa,600000,11
0000,0000,0000,0000,0000,0000,7844,4b88,800,9
0000,0000,0000,0000,0000,0000,4b85,6945,1000,a
0000,0000,0000,0000,0000,0000,6947,4b95,4000,b
0000,0000,0000,0000,0000,0000,4b98,7846,8000,c
0000,0000,0000,0000,0000,0000,784a,5a98,10000,d
0000,0000,0000,0000,0000,0000,5a9b,785b,40000,e
0000,0000,0000,0000,0000,0000,785e,5b9a,80000,f
0000,0000,0000,0000,0000,0000,7854,4b8a,1000,a
0000,0000,0000,0000,0000,0000,4b85,6945,2000,b
0000,0000,0000,0000,0000,0000,6947,4b95,8000,c
0000,0000,0000,0000,0000,0000,4b98,7846,10000,d
0000,0000,0000,0000,0000,0000,784a,5a98,20000,e
0000,0000,0000,0000,0000,0000,5a9b,785b,80000,f
0000,0000,0000,0000,0000,0000,785e,5b9a,100000,10
0000,0000,0000,0000,0000,0000,7874,4baa,4000,b
0000,0000,0000,0000,0000,0000,4ba5,6965,8000,c
0000,0000,0000,0000,0000,0000,6967,4bb5,20000,d
0000,0000,0000,0000,0000,0000,4bb8,7866,40000,e
0000,0000,0000,0000,0000,0000,786a,5ab8,80000,f
0000,0000,0000,0000,0000,0000,5abb,787b,200000,10
0000,0000,0000,0000,0000,0000,787e,5bba,400000,11
0000,0000,0000,0000,0000,0000,7884,6988,8000,c
0000,0000,0000,0000,0000,0000,6985,6985,10000,d
0000,0000,0000,0000,0000,0000,6987,6995,40000,e
0000,0000,0000,0000,0000,0000,6998,7886,80000,f
0000,0000,0000,0000,0000,0000,788a,7898,100000,10
0000,0000,0000,0000,0000,0000,789b,789b,400000,11
0000,0000,0000,0000,0000,0000,789e,799a,800000,12
0000,0000,0000,0000,0000,0000,78b4,69aa,20000,d
0000,0000,0000,0000,0000,0000,69a5,69a5,40000,e
0000,0000,0000,0000,0000,0000,69a7,69b5,100000,f
0000,0000,0000,0000,0000,0000,69b8,78a6,200000,10
0000,0000,0000,0000,0000,0000,78aa,78b8,400000,11
0000,0000,0000,0000,0000,0000,78bb,78bb,1000000,12
0000,0000,0000,0000,0000,0000,78be,79ba,2000000,13
0000,0000,0000,0000,0000,0000,78e4,6ba8,40000,e
0000,0000,0000,0000,0000,0000,6ba5,69e5,80000,f
0000,0000,0000,0000,0000,0000,69e7,6bb5,200000,10
0000,0000,0000,0000,0000,0000,6bb8,78e6,400000,11
0000,0000,0000,0000,0000,0000,78ea,7ab8,800000,12
0000,0000,0000,0000,0000,0000,7abb,78fb,2000000,13
0000,0000,0000,0000,0000,0000,78fe,7bba,4000000,14
0000,0000,0000,0000,0000,0000,78f4,6baa,180000,f
0000,0000,0000,0000,0000,0000,6ba5,69e5,300000,10
0000,0000,0000,0000,0000,0000,69e7,6bb5,c00000,11
0000,0000,0000,0000,0000,0000,6bb8,78e6,1800000,12
0000,0000,0000,0000,0000,0000,78ea,7ab8,3000000,13
0000,0000,0000,0000,0000,0000,7abb,78fb,c000000,14
0000,0000,0000,0000,0000,0000,78fe,7bba,18000000,15
0000,0000,0000,0000,0000,0000,7b44,4bcc,2000,a
0000,0000,0000,0000,0000,0000,4bc5,6b45,4000,b
0000,0000,0000,0000,0000,0000,6b47,4bd5,10000,c
0000,0000,0000,0000,0000,0000,4bd8,7a46,20000,d
0000,0000,0000,0000,0000,0000,7a4a,5ad8,40000,e
0000,0000,0000,0000,0000,0000,5adb,7a5b,100000,f
0000,0000,0000,0000,0000,0000,7a5e,5bda,200000,10
0000,0000,0000,0000,0000,0000,7b54,4bce,4000,b
0000,0000,0000,0000,0000,0000,4bca,7a54,8000,c
0000,0000,0000,0000,0000,0000,7a5b,5adb,10000,d
0000,0000,0000,0000,0000,0000,5ade,7b5a,20000,e
0000,0000,0000,0000,0000,0000,7b74,4bee,10000,c
0000,0000,0000,0000,0000,0000,4bea,7a74,20000,d
0000,0000,0000,0000,0000,0000,7a7b,5afb,40000,e
0000,0000,0000,0000,0000,0000,5afe,7b7a,80000,f
0000,0000,0000,0000,0000,0000,7b84,69cc,20000,d
0000,0000,0000,0000,0000,0000,69c5,6b85,40000,e
0000,0000,0000,0000,0000,0000,6b87,69d5,100000,f
0000,0000,0000,0000,0000,0000,69d8,7a86,200000,10
0000,0000,0000,0000,0000,0000,7a8a,78d8,400000,11
0000,0000,0000,0000,0000,0000,78db,7a9b,1000000,12
0000,0000,0000,0000,0000,0000,7a9e,79da,2000000,13
0000,0000,0000,0000,0000,0000,7bb4,69ee,80000,e
0000,0000,0000,0000,0000,0000,69ea,7ab4,100000,f
0000,0000,0000,0000,0000,0000,7abb,78fb,200000,10
0000,0000,0000,0000,0000,0000,78fe,7bba,400000,11
0000,0000,0000,0000,0000,0000,7be4,6bec,100000,f
0000,0000,0000,0000,0000,0000,6be5,6be5,200000,10
0000,0000,0000,0000,0000,0000,6be7,6bf5,800000,11
0000,0000,0000,0000,0000,0000,6bf8,7ae6,1000000,12
0000,0000,0000,0000,0000,0000,7aea,7af8,2000000,13
0000,0000,0000,0000,0000,0000,7afb,7afb,8000000,14
0000,0000,0000,0000,0000,0000,7afe,7bfa,10000000,15
0000,0000,0000,0000,0000,0000,7bf4,6bee,600000,10
0000,0000,0000,0000,0000,0000,6bea,7af4,c00000,11
0000,0000,0000,0000,0000,0000,7afb,7afb,1800000,12
0000,0000,0000,0000,0000,0000,7afe,7bfa,3000000,13
0000,0000,0000,0000,0000,0000,7e44,4fc8,4000,b
0000,0000,0000,0000,0000,0000,4fc5,6f45,8000,c
0000,0000,0000,0000,0000,0000,6f47,4fd5,20000,d
0000,0000,0000,0000,0000,0000,4fd8,7e46,40000,e
0000,0000,0000,0000,0000,0000,7e4a,5ed8,80000,f
0000,0000,0000,0000,0000,0000,5edb,7e5b,200000,10
0000,0000,0000,0000,0000,0000,7e5e,5fda,400000,11
0000,0000,0000,0000,0000,0000,7e54,4fca,8000,c
0000,0000,0000,0000,0000,0000,4fc5,6f45,10000,d
0000,0000,0000,0000,0000,0000,6f47,4fd5,40000,e
0000,0000,0000,0000,0000,0000,4fd8,7e46,80000,f
0000,0000,0000,0000,0000,0000,7e4a,5ed8,100000,10
0000,0000,0000,0000,0000,0000,5edb,7e5b,400000,11
0000,0000,0000,0000,0000,0000,7e5e,5fda,800000,12
0000,0000,0000,0000,0000,0000,7e74,4fea,20000,d
0000,0000,0000,0000,0000,0000,4fe5,6f65,40000,e
0000,0000,0000,0000,0000,0000,6f67,4ff5,100000,f
0000,0000,0000,0000,0000,0000,4ff8,7e66,200000,10
0000,0000,0000,0000,0000,0000,7e6a,5ef8,400000,11
0000,0000,0000,0000,0000,0000,5efb,7e7b,1000000,12
0000,0000,0000,0000,0000,0000,7e7e,5ffa,2000000,13
0000,0000,0000,0000,0000,0000,7e84,6dc8,40000,e
0000,0000,0000,0000,0000,0000,6dc5,6f85,80000,f
0000,0000,0000,0000,0000,0000,6f87,6dd5,200000,10
0000,0000,0000,0000,0000,0000,6dd8,7e86,400000,11
0000,0000,0000,0000,0000,0000,7e8a,7cd8,800000,12
0000,0000,0000,0000,0000,0000,7cdb,7e9b,2000000,13
0000,0000,0000,0000,0000,0000,7e9e,7dda,4000000,14
0000,0000,0000,0000,0000,0000,7eb4,6dea,100000,f
0000,0000,0000,0000,0000,0000,6de5,6fa5,200000,10
0000,0000,0000,0000,0000,0000,6fa7,6df5,800000,11
0000,0000,0000,0000,0000,0000,6df8,7ea6,1000000,12
0000,0000,0000,0000,0000,0000,7eaa,7cf8,2000000,13
0000,0000,0000,0000,0000,0000,7cfb,7ebb,8000000,14
0000,0000,0000,0000,0000,0000,7ebe,7dfa,10000000,15
0000,0000,0000,0000,0000,0000,7ee4,6fe8,200000,10
0000,0000,0000,0000,0000,0000,6fe5,6fe5,400000,11
0000,0000,0000,0000,0000,0000,6fe7,6ff5,1000000,12
0000,0000,0000,0000,0000,0000,6ff8,7ee6,2000000,13
0000,0000,0000,0000,0000,0000,7eea,7ef8,4000000,14
0000,0000,0000,0000,0000,0000,7efb,7efb,10000000,15
0000,0000,0000,0000,0000,0000,7efe,7ffa,20000000,16
0000,0000,0000,0000,0000,0000,7ef4,6fea,c00000,11
0000,0000,0000,0000,0000,0000,6fe5,6fe5,1800000,12
0000,0000,0000,0000,0000,0000,6fe7,6ff5,6000000,13
0000,0000,0000,0000,0000,0000,6ff8,7ee6,c000000,14
0000,0000,0000,0000,0000,0000,7eea,7ef8,18000000,15
0000,0000,0000,0000,0000,0000,7efb,7efb,60000000,16
0000,0000,0000,0000,0000,0000,7efe,7ffa,c0000000,17
0000,0000,0000,0000,0000,0000,7f44,4fcc,18000,c
0000,0000,0000,0000,0000,0000,4fc5,6f45,30000,d
0000,0000,0000,0000,0000,0000,6f47,4fd5,c0000,e
0000,0000,0000,0000,0000,0000,4fd8,7e46,180000,f
0000,0000,0000,0000,0000,0000,7e4a,5ed8,300000,10
0000,0000,0000,0000,0000,0000,5edb,7e5b,c00000,11
0000,0000,0000,0000,0000,0000,7e5e,5fda,1800000,12
0000,0000,0000,0000,0000,0000,7f54,4fce,30000,d
0000,0000,0000,0000,0000,0000,4fca,7e54,60000,e
0000,0000,0000,0000,0000,0000,7e5b,5edb,c0000,f
0000,0000,0000,0000,0000,0000,5ede,7f5a,180000,10
0000,0000,0000,0000,0000,0000,7f74,4fee,c0000,e
0000,0000,0000,0000,0000,0000,4fea,7e74,180000,f
0000,0000,0000,0000,0000,0000,7e7b,5efb,300000,10
0000,0000,0000,0000,0000,0000,5efe,7f7a,600000,11
0000,0000,0000,0000,0000,0000,7f84,6dcc,180000,f
0000,0000,0000,0000,0000,0000,6dc5,6f85,300000,10
0000,0000,0000,0000,0000,0000,6f87,6dd5,c00000,11
0000,0000,0000,0000,0000,0000,6dd8,7e86,1800000,12
0000,0000,0000,0000,0000,0000,7e8a,7cd8,3000000,13
0000,0000,0000,0000,0000,0000,7cdb,7e9b,c000000,14
0000,0000,0000,0000,0000,0000,7e9e,7dda,18000000,15
0000,0000,0000,0000,0000,0000,7fb4,6dee,600000,10
0000,0000,0000,0000,0000,0000,6dea,7eb4,c00000,11
0000,0000,0000,0000,0000,0000,7ebb,7cfb,1800000,12
0000,0000,0000,0000,0000,0000,7cfe,7fba,3000000,13
0000,0000,0000,0000,0000,0000,7fe4,6fec,c00000,11
0000,0000,0000,0000,0000,0000,6fe5,6fe5,1800000,12
0000,0000,0000,0000,0000,0000,6fe7,6ff5,6000000,13
0000,0000,0000,0000,0000,0000,6ff8,7ee6,c000000,14
0000,0000,0000,0000,0000,0000,7eea,7ef8,18000000,15
0000,0000,0000,0000,0000,0000,7efb,7efb,60000000,16
0000,0000,0000,0000,0000,0000,7efe,7ffa,c0000000,17
0000,0000,0000,0000,0000,0000,7ff4,6fee,4800000,12
0000,0000,0000,0000,0000,0000,6fea,7ef4,9000000,13
0000,0000,0000,0000,0000,0000,7efb,7efb,12000000,14
0000,0000,0000,0000,0000,0000,7efe,7ffa,24000000,15
0000,0000,0000,0000,0000,0000,8444,8700,100,7
0000,0000,0000,0000,0000,0000,8454,8702,200,8
0000,0000,0000,0000,0000,0000,8709,9445,400,9
0000,0000,0000,0000,0000,0000,944b,9619,800,a
0000,0000,0000,0000,0000,0000,961f,955b,1000,b
0000,0000,0000,0000,0000,0000,8474,8722,800,9
0000,0000,0000,0000,0000,0000,8729,9465,1000,a
0000,0000,0000,0000,0000,0000,946b,9639,2000,b
0000,0000,0000,0000,0000,0000,963f,957b,4000,c
0000,0000,0000,0000,0000,0000,8484,a500,1000,a
0000,0000,0000,0000,0000,0000,84b4,a522,4000,b
0000,0000,0000,0000,0000,0000,a529,94a5,8000,c
0000,0000,0000,0000,0000,0000,94ab,b439,10000,d
0000,0000,0000,0000,0000,0000,b43f,95bb,20000,e
0000,0000,0000,0000,0000,0000,84e4,a720,8000,c
0000,0000,0000,0000,0000,0000,84f4,a722,30000,d
0000,0000,0000,0000,0000,0000,a729,94e5,60000,e
0000,0000,0000,0000,0000,0000,94eb,b639,c0000,f
0000,0000,0000,0000,0000,0000,b63f,95fb,180000,10
0000,0000,0000,0000,0000,0000,8544,8704,200,8
0000,0000,0000,0000,0000,0000,8705,8545,400,9
0000,0000,0000,0000,0000,0000,8547,8715,1000,a
0000,0000,0000,0000,0000,0000,8718,9446,2000,b
0000,0000,0000,0000,0000,0000,944a,9618,4000,c
0000,0000,0000,0000,0000,0000,961b,945b,10000,d
0000,0000,0000,0000,0000,0000,945e,971a,20000,e
0000,0000,0000,0000,0000,0000,8554,8706,400,9
0000,0000,0000,0000,0000,0000,8707,8555,800,a
0000,0000,0000,0000,0000,0000,8558,9606,1000,b
0000,0000,0000,0000,0000,0000,960a,9458,2000,c
0000,0000,0000,0000,0000,0000,945b,961b,8000,d
0000,0000,0000,0000,0000,0000,961e,955a,10000,e
0000,0000,0000,0000,0000,0000,8574,8726,1000,a
0000,0000,0000,0000,0000,0000,8727,8575,2000,b
0000,0000,0000,0000,0000,0000,8578,9626,4000,c
0000,0000,0000,0000,0000,0000,962a,9478,8000,d
0000,0000,0000,0000,0000,0000,947b,963b,20000,e
0000,0000,0000,0000,0000,0000,963e,957a,40000,f
0000,0000,0000,0000,0000,0000,8584,a504,2000,b
0000,0000,0000,0000,0000,0000,a505,8585,4000,c
0000,0000,0000,0000,0000,0000,8587,a515,10000,d
0000,0000,0000,0000,0000,0000,a518,9486,20000,e
0000,0000,0000,0000,0000,0000,948a,b418,40000,f
0000,0000,0000,0000,0000,0000,b41b,949b,100000,10
0000,0000,0000,0000,0000,0000,949e,b51a,200000,11
0000,0000,0000,0000,0000,0000,85b4,a526,8000,c
0000,0000,0000,0000,0000,0000,a527,85b5,10000,d
0000,0000,0000,0000,0000,0000,85b8,b426,20000,e
0000,0000,0000,0000,0000,0000,b42a,94b8,40000,f
0000,0000,0000,0000,0000,0000,94bb,b43b,100000,10
0000,0000,0000,0000,0000,0000,b43e,95ba,200000,11
0000,0000,0000,0000,0000,0000,85e4,a724,10000,d
0000,0000,0000,0000,0000,0000,a725,85e5,20000,e
0000,0000,0000,0000,0000,0000,85e7,a735,80000,f
0000,0000,0000,0000,0000,0000,a738,94e6,100000,10
0000,0000,0000,0000,0000,0000,94ea,b638,200000,11
0000,0000,0000,0000,0000,0000,b63b,94fb,800000,12
0000,0000,0000,0000,0000,0000,94fe,b73a,1000000,13
0000,0000,0000,0000,0000,0000,85f4,a726,60000,e
0000,0000,0000,0000,0000,0000,a727,85f5,c0000,f
0000,0000,0000,0000,0000,0000,85f8,b626,180000,10
0000,0000,0000,0000,0000,0000,b62a,94f8,300000,11
0000,0000,0000,0000,0000,0000,94fb,b63b,c00000,12
0000,0000,0000,0000,0000,0000,b63e,95fa,1800000,13
0000,0000,0000,0000,0000,0000,8744,8744,800,9
0000,0000,0000,0000,0000,0000,8745,8745,1000,a
0000,0000,0000,0000,0000,0000,8747,8755,4000,b
0000,0000,0000,0000,0000,0000,8758,9646,8000,c
0000,0000,0000,0000,0000,0000,964a,9658,10000,d
0000,0000,0000,0000,0000,0000,965b,965b,40000,e
0000,0000,0000,0000,0000,0000,965e,975a,80000,f
0000,0000,0000,0000,0000,0000,8754,8746,1000,a
0000,0000,0000,0000,0000,0000,8747,8755,2000,b
0000,0000,0000,0000,0000,0000,8758,9646,4000,c
0000,0000,0000,0000,0000,0000,964a,9658,8000,d
0000,0000,0000,0000,0000,0000,965b,965b,20000,e
0000,0000,0000,0000,0000,0000,965e,975a,40000,f
0000,0000,0000,0000,0000,0000,8774,8766,4000,b
0000,0000,0000,0000,0000,0000,8767,8775,8000,c
0000,0000,0000,0000,0000,0000,8778,9666,10000,d
0000,0000,0000,0000,0000,0000,966a,9678,20000,e
0000,0000,0000,0000,0000,0000,967b,967b,80000,f
0000,0000,0000,0000,0000,0000,967e,977a,100000,10
0000,0000,0000,0000,0000,0000,8784,a544,8000,c
0000,0000,0000,0000,0000,0000,a545,8785,10000,d
0000,0000,0000,0000,0000,0000,8787,a555,40000,e
0000,0000,0000,0000,0000,0000,a558,9686,80000,f
0000,0000,0000,0000,0000,0000,968a,b458,100000,10
0000,0000,0000,0000,0000,0000,b45b,969b,400000,11
0000,0000,0000,0000,0000,0000,969e,b55a,800000,12
0000,0000,0000,0000,0000,0000,87b4,a566,20000,d
0000,0000,0000,0000,0000,0000,a567,87b5,40000,e
0000,0000,0000,0000,0000,0000,87b8,b466,80000,f
0000,0000,0000,0000,0000,0000,b46a,96b8,100000,10
0000,0000,0000,0000,0000,0000,96bb,b47b,400000,11
0000,0000,0000,0000,0000,0000,b47e,97ba,800000,12
0000,0000,0000,0000,0000,0000,87e4,a764,40000,e
0000,0000,0000,0000,0000,0000,a765,87e5,80000,f
0000,0000,0000,0000,0000,0000,87e7,a775,200000,10
0000,0000,0000,0000,0000,0000,a778,96e6,400000,11
0000,0000,0000,0000,0000,0000,96ea,b678,800000,12
0000,0000,0000,0000,0000,0000,b67b,96fb,2000000,13
0000,0000,0000,0000,0000,0000,96fe,b77a,4000000,14
0000,0000,0000,0000,0000,0000,87f4,a766,180000,f
0000,0000,0000,0000,0000,0000,a767,87f5,300000,10
0000,0000,0000,0000,0000,0000,87f8,b666,600000,11
0000,0000,0000,0000,0000,0000,b66a,96f8,c00000,12
0000,0000,0000,0000,0000,0000,96fb,b67b,3000000,13
0000,0000,0000,0000,0000,0000,b67e,97fa,6000000,14
0000,0000,0000,0000,0000,0000,8844,c300,1000,a
0000,0000,0000,0000,0000,0000,8854,c302,2000,b
0000,0000,0000,0000,0000,0000,c309,9845,4000,c
0000,0000,0000,0000,0000,0000,984b,d219,8000,d
0000,0000,0000,0000,0000,0000,d21f,995b,10000,e
0000,0000,0000,0000,0000,0000,8874,c322,8000,c
0000,0000,0000,0000,0000,0000,c329,9865,10000,d
0000,0000,0000,0000,0000,0000,986b,d239,20000,e
0000,0000,0000,0000,0000,0000,d23f,997b,40000,f
0000,0000,0000,0000,0000,0000,8884,e100,10000,d
0000,0000,0000,0000,0000,0000,88b4,e122,40000,e
0000,0000,0000,0000,0000,0000,e129,98a5,80000,f
0000,0000,0000,0000,0000,0000,98ab,f039,100000,10
0000,0000,0000,0000,0000,0000,f03f,99bb,200000,11
0000,0000,0000,0000,0000,0000,88e4,e320,80000,f
0000,0000,0000,0000,0000,0000,88f4,e322,300000,10
0000,0000,0000,0000,0000,0000,e329,98e5,600000,11
0000,0000,0000,0000,0000,0000,98eb,f239,c00000,12
0000,0000,0000,0000,0000,0000,f23f,99fb,1800000,13
0000,0000,0000,0000,0000,0000,8b44,c344,4000,b
0000,0000,0000,0000,0000,0000,c345,8b45,8000,c
0000,0000,0000,0000,0000,0000,8b47,c355,20000,d
0000,0000,0000,0000,0000,0000,c358,9a46,40000,e
0000,0000,0000,0000,0000,0000,9a4a,d258,80000,f
0000,0000,0000,0000,0000,0000,d25b,9a5b,200000,10
0000,0000,0000,0000,0000,0000,9a5e,d35a,400000,11
0000,0000,0000,0000,0000,0000,8b54,c346,8000,c
0000,0000,0000,0000,0000,0000,c347,8b55,10000,d
0000,0000,0000,0000,0000,0000,8b58,d246,20000,e
0000,0000,0000,0000,0000,0000,d24a,9a58,40000,f
0000,0000,0000,0000,0000,0000,9a5b,d25b,100000,10
0000,0000,0000,0000,0000,0000,d25e,9b5a,200000,11
0000,0000,0000,0000,0000,0000,8b74,c366,20000,d
0000,0000,0000,0000,0000,0000,c367,8b75,40000,e
0000,0000,0000,0000,0000,0000,8b78,d266,80000,f
0000,0000,0000,0000,0000,0000,d26a,9a78,100000,10
0000,0000,0000,0000,0000,0000,9a7b,d27b,400000,11
0000,0000,0000,0000,0000,0000,d27e,9b7a,800000,12
0000,0000,0000,0000,0000,0000,8b84,e144,40000,e
0000,0000,0000,0000,0000,0000,e145,8b85,80000,f
0000,0000,0000,0000,0000,0000,8b87,e155,200000,10
0000,0000,0000,0000,0000,0000,e158,9a86,400000,11
0000,0000,0000,0000,0000,0000,9a8a,f058,800000,12
0000,0000,0000,0000,0000,0000,f05b,9a9b,2000000,13
0000,0000,0000,0000,0000,0000,9a9e,f15a,4000000,14
0000,0000,0000,0000,0000,0000,8bb4,e166,100000,f
0000,0000,0000,0000,0000,0000,e167,8bb5,200000,10
0000,0000,0000,0000,0000,0000,8bb8,f066,400000,11
0000,0000,0000,0000,0000,0000,f06a,9ab8,800000,12
0000,0000,0000,0000,0000,0000,9abb,f07b,2000000,13
0000,0000,0000,0000,0000,0000,f07e,9bba,4000000,14
0000,0000,0000,0000,0000,0000,8be4,e364,200000,10
0000,0000,0000,0000,0000,0000,e365,8be5,400000,11
0000,0000,0000,0000,0000,0000,8be7,e375,1000000,12
0000,0000,0000,0000,0000,0000,e378,9ae6,2000000,13
0000,0000,0000,0000,0000,0000,9aea,f278,4000000,14
0000,0000,0000,0000,0000,0000,f27b,9afb,10000000,15
0000,0000,0000,0000,0000,0000,9afe,f37a,20000000,16
0000,0000,0000,0000,0000,0000,8bf4,e366,c00000,11
0000,0000,0000,0000,0000,0000,e367,8bf5,1800000,12
0000,0000,0000,0000,0000,0000,8bf8,f266,3000000,13
0000,0000,0000,0000,0000,0000,f26a,9af8,6000000,14
0000,0000,0000,0000,0000,0000,9afb,f27b,18000000,15
0000,0000,0000,0000,0000,0000,f27e,9bfa,30000000,16
0000,0000,0000,0000,0000,0000,8e44,c740,8000,c
0000,0000,0000,0000,0000,0000,8e54,c742,10000,d
0000,0000,0000,0000,0000,0000,c749,9e45,20000,e
0000,0000,0000,0000,0000,0000,9e4b,d659,40000,f
0000,0000,0000,0000,0000,0000,d65f,9f5b,80000,10
0000,0000,0000,0000,0000,0000,8e74,c762,40000,e
0000,0000,0000,0000,0000,0000,c769,9e65,80000,f
0000,0000,0000,0000,0000,0000,9e6b,d679,100000,10
0000,0000,0000,0000,0000,0000,d67f,9f7b,200000,11
0000,0000,0000,0000,0000,0000,8e84,e540,80000,f
0000,0000,0000,0000,0000,0000,8eb4,e562,200000,10
0000,0000,0000,0000,0000,0000,e569,9ea5,400000,11
0000,0000,0000,0000,0000,0000,9eab,f479,800000,12
0000,0000,0000,0000,0000,0000,f47f,9fbb,1000000,13
0000,0000,0000,0000,0000,0000,8ee4,e760,400000,11
0000,0000,0000,0000,0000,0000,8ef4,e762,1800000,12
0000,0000,0000,0000,0000,0000,e769,9ee5,3000000,13
0000,0000,0000,0000,0000,0000,9eeb,f679,6000000,14
0000,0000,0000,0000,0000,0000,f67f,9ffb,c000000,15
0000,0000,0000,0000,0000,0000,8f44,c744,30000,d
0000,0000,0000,0000,0000,0000,c745,8f45,60000,e
0000,0000,0000,0000,0000,0000,8f47,c755,180000,f
0000,0000,0000,0000,0000,0000,c758,9e46,300000,10
0000,0000,0000,0000,0000,0000,9e4a,d658,600000,11
0000,0000,0000,0000,0000,0000,d65b,9e5b,1800000,12
0000,0000,0000,0000,0000,0000,9e5e,d75a,3000000,13
0000,0000,0000,0000,0000,0000,8f54,c746,60000,e
0000,0000,0000,0000,0000,0000,c747,8f55,c0000,f
0000,0000,0000,0000,0000,0000,8f58,d646,180000,10
0000,0000,0000,0000,0000,0000,d64a,9e58,300000,11
0000,0000,0000,0000,0000,0000,9e5b,d65b,c00000,12
0000,0000,0000,0000,0000,0000,d65e,9f5a,1800000,13
0000,0000,0000,0000,0000,0000,8f74,c766,180000,f
0000,0000,0000,0000,0000,0000,c767,8f75,300000,10
0000,0000,0000,0000,0000,0000,8f78,d666,600000,11
0000,0000,0000,0000,0000,0000,d66a,9e78,c00000,12
0000,0000,0000,0000,0000,0000,9e7b,d67b,3000000,13
0000,0000,0000,0000,0000,0000,d67e,9f7a,6000000,14
0000,0000,0000,0000,0000,0000,8f84,e544,300000,10
0000,0000,0000,0000,0000,0000,e545,8f85,600000,11
0000,0000,0000,0000,0000,0000,8f87,e555,1800000,12
0000,0000,0000,0000,0000,0000,e558,9e86,3000000,13
0000,0000,0000,0000,0000,0000,9e8a,f458,6000000,14
0000,0000,0000,0000,0000,0000,f45b,9e9b,18000000,15
0000,0000,0000,0000,0000,0000,9e9e,f55a,30000000,16
0000,0000,0000,0000,0000,0000,8fb4,e566,c00000,11
0000,0000,0000,0000,0000,0000,e567,8fb5,1800000,12
0000,0000,0000,0000,0000,0000,8fb8,f466,3000000,13
0000,0000,0000,0000,0000,0000,f46a,9eb8,6000000,14
0000,0000,0000,0000,0000,0000,9ebb,f47b,18000000,15
0000,0000,0000,0000,0000,0000,f47e,9fba,30000000,16
0000,0000,0000,0000,0000,0000,8fe4,e764,1800000,12
0000,0000,0000,0000,0000,0000,e765,8fe5,3000000,13
0000,0000,0000,0000,0000,0000,8fe7,e775,c000000,14
0000,0000,0000,0000,0000,0000,e778,9ee6,18000000,15
0000,0000,0000,0000,0000,0000,9eea,f678,30000000,16
0000,0000,0000,0000,0000,0000,f67b,9efb,c0000000,17
0000,0000,0000,0000,0000,0000,9efe,f77a,80000000,18
0000,0000,0000,0000,0000,0000,8ff4,e766,9000000,13
0000,0000,0000,0000,0000,0000,e767,8ff5,12000000,14
0000,0000,0000,0000,0000,0000,8ff8,f666,24000000,15
0000,0000,0000,0000,0000,0000,f66a,9ef8,48000000,16
0000,0000,0000,0000,0000,0000,9efb,f67b,20000000,17
0000,0000,0000,0000,0000,0000,f67e,9ffa,40000000,18
0000,0000,0000,0000,0000,0000,b444,8788,400,8
0000,0000,0000,0000,0000,0000,8785,a545,800,9
0000,0000,0000,0000,0000,0000,a547,8795,2000,a
0000,0000,0000,0000,0000,0000,8798,b446,4000,b
0000,0000,0000,0000,0000,0000,b44a,9698,8000,c
0000,0000,0000,0000,0000,0000,969b,b45b,20000,d
0000,0000,0000,0000,0000,0000,b45e,979a,40000,e
0000,0000,0000,0000,0000,0000,b454,878a,800,9
0000,0000,0000,0000,0000,0000,8785,a545,1000,a
0000,0000,0000,0000,0000,0000,a547,8795,4000,b
0000,0000,0000,0000,0000,0000,8798,b446,8000,c
0000,0000,0000,0000,0000,0000,b44a,9698,10000,d
0000,0000,0000,0000,0000,0000,969b,b45b,40000,e
0000,0000,0000,0000,0000,0000,b45e,979a,80000,f
0000,0000,0000,0000,0000,0000,b474,87aa,2000,a
0000,0000,0000,0000,0000,0000,87a5,a565,4000,b
0000,0000,0000,0000,0000,0000,a567,87b5,10000,c
0000,0000,0000,0000,0000,0000,87b8,b466,20000,d
0000,0000,0000,0000,0000,0000,b46a,96b8,40000,e
0000,0000,0000,0000,0000,0000,96bb,b47b,100000,f
0000,0000,0000,0000,0000,0000,b47e,97ba,200000,10
0000,0000,0000,0000,0000,0000,b484,a588,4000,b
0000,0000,0000,0000,0000,0000,a585,a585,8000,c
0000,0000,0000,0000,0000,0000,a587,a595,20000,d
0000,0000,0000,0000,0000,0000,a598,b486,40000,e
0000,0000,0000,0000,0000,0000,b48a,b498,80000,f
0000,0000,0000,0000,0000,0000,b49b,b49b,200000,10
0000,0000,0000,0000,0000,0000,b49e,b59a,400000,11
0000,0000,0000,0000,0000,0000,b4b4,a5aa,10000,c
0000,0000,0000,0000,0000,0000,a5a5,a5a5,20000,d
0000,0000,0000,0000,0000,0000,a5a7,a5b5,80000,e
0000,0000,0000,0000,0000,0000,a5b8,b4a6,100000,f
0000,0000,0000,0000,0000,0000,b4aa,b4b8,200000,10
0000,0000,0000,0000,0000,0000,b4bb,b4bb,800000,11
0000,0000,0000,0000,0000,0000,b4be,b5ba,1000000,12
0000,0000,0000,0000,0000,0000,b4e4,a7a8,20000,d
0000,0000,0000,0000,0000,0000,a7a5,a5e5,40000,e
0000,0000,0000,0000,0000,0000,a5e7,a7b5,100000,f
0000,0000,0000,0000,0000,0000,a7b8,b4e6,200000,10
0000,0000,0000,0000,0000,0000,b4ea,b6b8,400000,11
0000,0000,0000,0000,0000,0000,b6bb,b4fb,1000000,12
0000,0000,0000,0000,0000,0000,b4fe,b7ba,2000000,13
0000,0000,0000,0000,0000,0000,b4f4,a7aa,c0000,e
0000,0000,0000,0000,0000,0000,a7a5,a5e5,180000,f
0000,0000,0000,0000,0000,0000,a5e7,a7b5,600000,10
0000,0000,0000,0000,0000,0000,a7b8,b4e6,c00000,11
0000,0000,0000,0000,0000,0000,b4ea,b6b8,1800000,12
0000,0000,0000,0000,0000,0000,b6bb,b4fb,6000000,13
0000,0000,0000,0000,0000,0000,b4fe,b7ba,c000000,14
0000,0000,0000,0000,0000,0000,b544,878c,800,9
0000,0000,0000,0000,0000,0000,8785,a545,1000,a
0000,0000,0000,0000,0000,0000,a547,8795,4000,b
0000,0000,0000,0000,0000,0000,8798,b446,8000,c
0000,0000,0000,0000,0000,0000,b44a,9698,10000,d
0000,0000,0000,0000,0000,0000,969b,b45b,40000,e
0000,0000,0000,0000,0000,0000,b45e,979a,80000,f
0000,0000,0000,0000,0000,0000,b554,878e,1000,a
0000,0000,0000,0000,0000,0000,878a,b454,2000,b
0000,0000,0000,0000,0000,0000,b45b,969b,4000,c
0000,0000,0000,0000,0000,0000,969e,b55a,8000,d
0000,0000,0000,0000,0000,0000,b574,87ae,4000,b
0000,0000,0000,0000,0000,0000,87aa,b474,8000,c
0000,0000,0000,0000,0000,0000,b47b,96bb,10000,d
0000,0000,0000,0000,0000,0000,96be,b57a,20000,e
0000,0000,0000,0000,0000,0000,b584,a58c,8000,c
0000,0000,0000,0000,0000,0000,a585,a585,10000,d
0000,0000,0000,0000,0000,0000,a587,a595,40000,e
0000,0000,0000,0000,0000,0000,a598,b486,80000,f
0000,0000,0000,0000,0000,0000,b48a,b498,100000,10
0000,0000,0000,0000,0000,0000,b49b,b49b,400000,11
0000,0000,0000,0000,0000,0000,b49e,b59a,800000,12
0000,0000,0000,0000,0000,0000,b5b4,a5ae,20000,d
0000,0000,0000,0000,0000,0000,a5aa,b4b4,40000,e
0000,0000,0000,0000,0000,0000,b4bb,b4bb,80000,f
0000,0000,0000,0000,0000,0000,b4be,b5ba,100000,10
0000,0000,0000,0000,0000,0000,b5e4,a7ac,40000,e
0000,0000,0000,0000,0000,0000,a7a5,a5e5,80000,f
0000,0000,0000,0000,0000,0000,a5e7,a7b5,200000,10
0000,0000,0000,0000,0000,0000,a7b8,b4e6,400000,11
0000,0000,0000,0000,0000,0000,b4ea,b6b8,800000,12
0000,0000,0000,0000,0000,0000,b6bb,b4fb,2000000,13
0000,0000,0000,0000,0000,0000,b4fe,b7ba,4000000,14
0000,0000,0000,0000,0000,0000,b5f4,a7ae,180000,f
0000,0000,0000,0000,0000,0000,a7aa,b4f4,300000,10
0000,0000,0000,0000,0000,0000,b4fb,b6bb,600000,11
0000,0000,0000,0000,0000,0000,b6be,b5fa,c00000,12
0000,0000,0000,0000,0000,0000,b744,87cc,2000,a
0000,0000,0000,0000,0000,0000,87c5,a745,4000,b
0000,0000,0000,0000,0000,0000,a747,87d5,10000,c
0000,0000,0000,0000,0000,0000,87d8,b646,20000,d
0000,0000,0000,0000,0000,0000,b64a,96d8,40000,e
0000,0000,0000,0000,0000,0000,96db,b65b,100000,f
0000,0000,0000,0000,0000,0000,b65e,97da,200000,10
0000,0000,0000,0000,0000,0000,b754,87ce,4000,b
0000,0000,0000,0000,0000,0000,87ca,b654,8000,c
0000,0000,0000,0000,0000,0000,b65b,96db,10000,d
0000,0000,0000,0000,0000,0000,96de,b75a,20000,e
0000,0000,0000,0000,0000,0000,b774,87ee,10000,c
0000,0000,0000,0000,0000,0000,87ea,b674,20000,d
0000,0000,0000,0000,0000,0000,b67b,96fb,40000,e
0000,0000,0000,0000,0000,0000,96fe,b77a,80000,f
0000,0000,0000,0000,0000,0000,b784,a5cc,20000,d
0000,0000,0000,0000,0000,0000,a5c5,a785,40000,e
0000,0000,0000,0000,0000,0000,a787,a5d5,100000,f
0000,0000,0000,0000,0000,0000,a5d8,b686,200000,10
0000,0000,0000,0000,0000,0000,b68a,b4d8,400000,11
0000,0000,0000,0000,0000,0000,b4db,b69b,1000000,12
0000,0000,0000,0000,0000,0000,b69e,b5da,2000000,13
0000,0000,0000,0000,0000,0000,b7b4,a5ee,80000,e
0000,0000,0000,0000,0000,0000,a5ea,b6b4,100000,f
0000,0000,0000,0000,0000,0000,b6bb,b4fb,200000,10
0000,0000,0000,0000,0000,0000,b4fe,b7ba,400000,11
0000,0000,0000,0000,0000,0000,b7e4,a7ec,100000,f
0000,0000,0000,0000,0000,0000,a7e5,a7e5,200000,10
0000,0000,0000,0000,0000,0000,a7e7,a7f5,800000,11
0000,0000,0000,0000,0000,0000,a7f8,b6e6,1000000,12
0000,0000,0000,0000,0000,0000,b6ea,b6f8,2000000,13
0000,0000,0000,0000,0000,0000,b6fb,b6fb,8000000,14
0000,0000,0000,0000,0000,0000,b6fe,b7fa,10000000,15
0000,0000,0000,0000,0000,0000,b7f4,a7ee,600000,10
0000,0000,0000,0000,0000,0000,a7ea,b6f4,c00000,11
0000,0000,0000,0000,0000,0000,b6fb,b6fb,1800000,12
0000,0000,0000,0000,0000,0000,b6fe,b7fa,3000000,13
0000,0000,0000,0000,0000,0000,b844,c388,4000,b
0000,0000,0000,0000,0000,0000,c385,a945,8000,c
0000,0000,0000,0000,0000,0000,a947,c395,20000,d
0000,0000,0000,0000,0000,0000,c398,b846,40000,e
0000,0000,0000,0000,0000,0000,b84a,d298,80000,f
0000,0000,0000,0000,0000,0000,d29b,b85b,200000,10
0000,0000,0000,0000,0000,0000,b85e,d39a,400000,11
0000,0000,0000,0000,0000,0000,b854,c38a,8000,c
0000,0000,0000,0000,0000,0000,c385,a945,10000,d
0000,0000,0000,0000,0000,0000,a947,c395,40000,e
0000,0000,0000,0000,0000,0000,c398,b846,80000,f
0000,0000,0000,0000,0000,0000,b84a,d298,100000,10
0000,0000,0000,0000,0000,0000,d29b,b85b,400000,11
0000,0000,0000,0000,0000,0000,b85e,d39a,800000,12
0000,0000,0000,0000,0000,0000,b874,c3aa,20000,d
0000,0000,0000,0000,0000,0000,c3a5,a965,40000,e
0000,0000,0000,0000,0000,0000,a967,c3b5,100000,f
0000,0000,0000,0000,0000,0000,c3b8,b866,200000,10
0000,0000,0000,0000,0000,0000,b86a,d2b8,400000,11
0000,0000,0000,0000,0000,0000,d2bb,b87b,1000000,12
0000,0000,0000,0000,0000,0000,b87e,d3ba,2000000,13
0000,0000,0000,0000,0000,0000,b884,e188,40000,e
0000,0000,0000,0000,0000,0000,e185,a985,80000,f
0000,0000,0000,0000,0000,0000,a987,e195,200000,10
0000,0000,0000,0000,0000,0000,e198,b886,400000,11
0000,0000,0000,0000,0000,0000,b88a,f098,800000,12
0000,0000,0000,0000,0000,0000,f09b,b89b,2000000,13
0000,0000,0000,0000,0000,0000,b89e,f19a,4000000,14
0000,0000,0000,0000,0000,0000,b8b4,e1aa,100000,f
0000,0000,0000,0000,0000,0000,e1a5,a9a5,200000,10
0000,0000,0000,0000,0000,0000,a9a7,e1b5,800000,11
0000,0000,0000,0000,0000,0000,e1b8,b8a6,1000000,12
0000,0000,0000,0000,0000,0000,b8aa,f0b8,2000000,13
0000,0000,0000,0000,0000,0000,f0bb,b8bb,8000000,14
0000,0000,0000,0000,0000,0000,b8be,f1ba,10000000,15
0000,0000,0000,0000,0000,0000,b8e4,e3a8,200000,10
0000,0000,0000,0000,0000,0000,e3a5,a9e5,400000,11
0000,0000,0000,0000,0000,0000,a9e7,e3b5,1000000,12
0000,0000,0000,0000,0000,0000,e3b8,b8e6,2000000,13
0000,0000,0000,0000,0000,0000,b8ea,f2b8,4000000,14
0000,0000,0000,0000,0000,0000,f2bb,b8fb,10000000,15
0000,0000,0000,0000,0000,0000,b8fe,f3ba,20000000,16
0000,0000,0000,0000,0000,0000,b8f4,e3aa,c00000,11
0000,0000,0000,0000,0000,0000,e3a5,a9e5,1800000,12
0000,0000,0000,0000,0000,0000,a9e7,e3b5,6000000,13
0000,0000,0000,0000,0000,0000,e3b8,b8e6,c000000,14
0000,0000,0000,0000,0000,0000,b8ea,f2b8,18000000,15
0000,0000,0000,0000,0000,0000,f2bb,b8fb,60000000,16
0000,0000,0000,0000,0000,0000,b8fe,f3ba,c0000000,17
0000,0000,0000,0000,0000,0000,bb44,c3cc,10000,c
0000,0000,0000,0000,0000,0000,c3c5,ab45,20000,d
0000,0000,0000,0000,0000,0000,ab47,c3d5,80000,e
0000,0000,0000,0000,0000,0000,c3d8,ba46,100000,f
0000,0000,0000,0000,0000,0000,ba4a,d2d8,200000,10
0000,0000,0000,0000,0000,0000,d2db,ba5b,800000,11
0000,0000,0000,0000,0000,0000,ba5e,d3da,1000000,12
0000,0000,0000,0000,0000,0000,bb54,c3ce,20000,d
0000,0000,0000,0000,0000,0000,c3ca,ba54,40000,e
0000,0000,0000,0000,0000,0000,ba5b,d2db,80000,f
0000,0000,0000,0000,0000,0000,d2de,bb5a,100000,10
0000,0000,0000,0000,0000,0000,bb74,c3ee,80000,e
0000,0000,0000,0000,0000,0000,c3ea,ba74,100000,f
0000,0000,0000,0000,0000,0000,ba7b,d2fb,200000,10
0000,0000,0000,0000,0000,0000,d2fe,bb7a,400000,11
0000,0000,0000,0000,0000,0000,bb84,e1cc,100000,f
0000,0000,0000,0000,0000,0000,e1c5,ab85,200000,10
0000,0000,0000,0000,0000,0000,ab87,e1d5,800000,11
0000,0000,0000,0000,0000,0000,e1d8,ba86,1000000,12
0000,0000,0000,0000,0000,0000,ba8a,f0d8,2000000,13
0000,0000,0000,0000,0000,0000,f0db,ba9b,8000000,14
0000,0000,0000,0000,0000,0000,ba9e,f1da,10000000,15
0000,0000,0000,0000,0000,0000,bbb4,e1ee,400000,10
0000,0000,0000,0000,0000,0000,e1ea,bab4,800000,11
0000,0000,0000,0000,0000,0000,babb,f0fb,1000000,12
0000,0000,0000,0000,0000,0000,f0fe,bbba,2000000,13
0000,0000,0000,0000,0000,0000,bbe4,e3ec,800000,11
0000,0000,0000,0000,0000,0000,e3e5,abe5,1000000,12
0000,0000,0000,0000,0000,0000,abe7,e3f5,4000000,13
0000,0000,0000,0000,0000,0000,e3f8,bae6,8000000,14
0000,0000,0000,0000,0000,0000,baea,f2f8,10000000,15
0000,0000,0000,0000,0000,0000,f2fb,bafb,40000000,16
0000,0000,0000,0000,0000,0000,bafe,f3fa,80000000,17
0000,0000,0000,0000,0000,0000,bbf4,e3ee,3000000,12
0000,0000,0000,0000,0000,0000,e3ea,baf4,6000000,13
0000,0000,0000,0000,0000,0000,bafb,f2fb,c000000,14
0000,0000,0000,0000,0000,0000,f2fe,bbfa,18000000,15
0000,0000,0000,0000,0000,0000,be44,c7c8,20000,d
0000,0000,0000,0000,0000,0000,c7c5,af45,40000,e
0000,0000,0000,0000,0000,0000,af47,c7d5,100000,f
0000,0000,0000,0000,0000,0000,c7d8,be46,200000,10
0000,0000,0000,0000,0000,0000,be4a,d6d8,400000,11
0000,0000,0000,0000,0000,0000,d6db,be5b,1000000,12
0000,0000,0000,0000,0000,0000,be5e,d7da,2000000,13
0000,0000,0000,0000,0000,0000,be54,c7ca,40000,e
0000,0000,0000,0000,0000,0000,c7c5,af45,80000,f
0000,0000,0000,0000,0000,0000,af47,c7d5,200000,10
0000,0000,0000,0000,0000,0000,c7d8,be46,400000,11
0000,0000,0000,0000,0000,0000,be4a,d6d8,800000,12
0000,0000,0000,0000,0000,0000,d6db,be5b,2000000,13
0000,0000,0000,0000,0000,0000,be5e,d7da,4000000,14
0000,0000,0000,0000,0000,0000,be74,c7ea,100000,f
0000,0000,0000,0000,0000,0000,c7e5,af65,200000,10
0000,0000,0000,0000,0000,0000,af67,c7f5,800000,11
0000,0000,0000,0000,0000,0000,c7f8,be66,1000000,12
0000,0000,0000,0000,0000,0000,be6a,d6f8,2000000,13
0000,0000,0000,0000,0000,0000,d6fb,be7b,8000000,14
0000,0000,0000,0000,0000,0000,be7e,d7fa,10000000,15
0000,0000,0000,0000,0000,0000,be84,e5c8,200000,10
0000,0000,0000,0000,0000,0000,e5c5,af85,400000,11
0000,0000,0000,0000,0000,0000,af87,e5d5,1000000,12
0000,0000,0000,0000,0000,0000,e5d8,be86,2000000,13
0000,0000,0000,0000,0000,0000,be8a,f4d8,4000000,14
0000,0000,0000,0000,0000,0000,f4db,be9b,10000000,15
0000,0000,0000,0000,0000,0000,be9e,f5da,20000000,16
0000,0000,0000,0000,0000,0000,beb4,e5ea,800000,11
0000,0000,0000,0000,0000,0000,e5e5,afa5,1000000,12
0000,0000,0000,0000,0000,0000,afa7,e5f5,4000000,13
0000,0000,0000,0000,0000,0000,e5f8,bea6,8000000,14
0000,0000,0000,0000,0000,0000,beaa,f4f8,10000000,15
0000,0000,0000,0000,0000,0000,f4fb,bebb,40000000,16
0000,0000,0000,0000,0000,0000,bebe,f5fa,80000000,17
0000,0000,0000,0000,0000,0000,bee4,e7e8,1000000,12
0000,0000,0000,0000,0000,0000,e7e5,afe5,2000000,13
0000,0000,0000,0000,0000,0000,afe7,e7f5,8000000,14
0000,0000,0000,0000,0000,0000,e7f8,bee6,10000000,15
0000,0000,0000,0000,0000,0000,beea,f6f8,20000000,16
0000,0000,0000,0000,0000,0000,f6fb,befb,80000000,17
0000,0000,0000,0000,0000,0000,befe,f7fa,0,18
0000,0000,0000,0000,0000,0000,bef4,e7ea,6000000,13
0000,0000,0000,0000,0000,0000,e7e5,afe5,c000000,14
0000,0000,0000,0000,0000,0000,afe7,e7f5,30000000,15
0000,0000,0000,0000,0000,0000,e7f8,bee6,60000000,16
0000,0000,0000,0000,0000,0000,beea,f6f8,c0000000,17
0000,0000,0000,0000,0000,0000,f6fb,befb,0,18
0000,0000,0000,0000,0000,0000,befe,f7fa,0,19
0000,0000,0000,0000,0000,0000,bf44,c7cc,c0000,e
0000,0000,0000,0000,0000,0000,c7c5,af45,180000,f
0000,0000,0000,0000,0000,0000,af47,c7d5,600000,10
0000,0000,0000,0000,0000,0000,c7d8,be46,c00000,11
0000,0000,0000,0000,0000,0000,be4a,d6d8,1800000,12
0000,0000,0000,0000,0000,0000,d6db,be5b,6000000,13
0000,0000,0000,0000,0000,0000,be5e,d7da,c000000,14
0000,0000,0000,0000,0000,0000,bf54,c7ce,180000,f
0000,0000,0000,0000,0000,0000,c7ca,be54,300000,10
0000,0000,0000,0000,0000,0000,be5b,d6db,600000,11
0000,0000,0000,0000,0000,0000,d6de,bf5a,c00000,12
0000,0000,0000,0000,0000,0000,bf74,c7ee,600000,10
0000,0000,0000,0000,0000,0000,c7ea,be74,c00000,11
0000,0000,0000,0000,0000,0000,be7b,d6fb,1800000,12
0000,0000,0000,0000,0000,0000,d6fe,bf7a,3000000,13
0000,0000,0000,0000,0000,0000,bf84,e5cc,c00000,11
0000,0000,0000,0000,0000,0000,e5c5,af85,1800000,12
0000,0000,0000,0000,0000,0000,af87,e5d5,6000000,13
0000,0000,0000,0000,0000,0000,e5d8,be86,c000000,14
0000,0000,0000,0000,0000,0000,be8a,f4d8,18000000,15
0000,0000,0000,0000,0000,0000,f4db,be9b,60000000,16
0000,0000,0000,0000,0000,0000,be9e,f5da,c0000000,17
0000,0000,0000,0000,0000,0000,bfb4,e5ee,3000000,12
0000,0000,0000,0000,0000,0000,e5ea,beb4,6000000,13
0000,0000,0000,0000,0000,0000,bebb,f4fb,c000000,14
0000,0000,0000,0000,0000,0000,f4fe,bfba,18000000,15
0000,0000,0000,0000,0000,0000,bfe4,e7ec,6000000,13
0000,0000,0000,0000,0000,0000,e7e5,afe5,c000000,14
0000,0000,0000,0000,0000,0000,afe7,e7f5,30000000,15
0000,0000,0000,0000,0000,0000,e7f8,bee6,60000000,16
0000,0000,0000,0000,0000,0000,beea,f6f8,c0000000,17
0000,0000,0000,0000,0000,0000,f6fb,befb,0,18
0000,0000,0000,0000,0000,0000,befe,f7fa,0,19
0000,0000,0000,0000,0000,0000,bff4,e7ee,24000000,14
0000,0000,0000,0000,0000,0000,e7ea,bef4,48000000,15
0000,0000,0000,0000,0000,0000,befb,f6fb,90000000,16
0000,0000,0000,0000,0000,0000,f6fe,bffa,20000000,17
0000,0000,0000,0000,0000,0000,e444,8f80,800,9
0000,0000,0000,0000,0000,0000,e454,8f82,1000,a
0000,0000,0000,0000,0000,0000,8f89,f445,2000,b
0000,0000,0000,0000,0000,0000,f44b,9e99,4000,c
0000,0000,0000,0000,0000,0000,9e9f,f55b,8000,d
0000,0000,0000,0000,0000,0000,e474,8fa2,4000,b
0000,0000,0000,0000,0000,0000,8fa9,f465,8000,c
0000,0000,0000,0000,0000,0000,f46b,9eb9,10000,d
0000,0000,0000,0000,0000,0000,9ebf,f57b,20000,e
0000,0000,0000,0000,0000,0000,e484,ad80,8000,c
0000,0000,0000,0000,0000,0000,e4b4,ada2,20000,d
0000,0000,0000,0000,0000,0000,ada9,f4a5,40000,e
0000,0000,0000,0000,0000,0000,f4ab,bcb9,80000,f
0000,0000,0000,0000,0000,0000,bcbf,f5bb,100000,10
0000,0000,0000,0000,0000,0000,e4e4,afa0,40000,e
0000,0000,0000,0000,0000,0000,e4f4,afa2,180000,f
0000,0000,0000,0000,0000,0000,afa9,f4e5,300000,10
0000,0000,0000,0000,0000,0000,f4eb,beb9,600000,11
0000,0000,0000,0000,0000,0000,bebf,f5fb,c00000,12
0000,0000,0000,0000,0000,0000,e544,8f84,1000,a
0000,0000,0000,0000,0000,0000,8f85,e545,2000,b
0000,0000,0000,0000,0000,0000,e547,8f95,8000,c
0000,0000,0000,0000,0000,0000,8f98,f446,10000,d
0000,0000,0000,0000,0000,0000,f44a,9e98,20000,e
0000,0000,0000,0000,0000,0000,9e9b,f45b,80000,f
0000,0000,0000,0000,0000,0000,f45e,9f9a,100000,10
0000,0000,0000,0000,0000,0000,e554,8f86,2000,b
0000,0000,0000,0000,0000,0000,8f87,e555,4000,c
0000,0000,0000,0000,0000,0000,e558,9e86,8000,d
0000,0000,0000,0000,0000,0000,9e8a,f458,10000,e
0000,0000,0000,0000,0000,0000,f45b,9e9b,40000,f
0000,0000,0000,0000,0000,0000,9e9e,f55a,80000,10
0000,0000,0000,0000,0000,0000,e574,8fa6,8000,c
0000,0000,0000,0000,0000,0000,8fa7,e575,10000,d
0000,0000,0000,0000,0000,0000,e578,9ea6,20000,e
0000,0000,0000,0000,0000,0000,9eaa,f478,40000,f
0000,0000,0000,0000,0000,0000,f47b,9ebb,100000,10
0000,0000,0000,0000,0000,0000,9ebe,f57a,200000,11
0000,0000,0000,0000,0000,0000,e584,ad84,10000,d
0000,0000,0000,0000,0000,0000,ad85,e585,20000,e
0000,0000,0000,0000,0000,0000,e587,ad95,80000,f
0000,0000,0000,0000,0000,0000,ad98,f486,100000,10
0000,0000,0000,0000,0000,0000,f48a,bc98,200000,11
0000,0000,0000,0000,0000,0000,bc9b,f49b,800000,12
0000,0000,0000,0000,0000,0000,f49e,bd9a,1000000,13
0000,0000,0000,0000,0000,0000,e5b4,ada6,40000,e
0000,0000,0000,0000,0000,0000,ada7,e5b5,80000,f
0000,0000,0000,0000,0000,0000,e5b8,bca6,100000,10
0000,0000,0000,0000,0000,0000,bcaa,f4b8,200000,11
0000,0000,0000,0000,0000,0000,f4bb,bcbb,800000,12
0000,0000,0000,0000,0000,0000,bcbe,f5ba,1000000,13
0000,0000,0000,0000,0000,0000,e5e4,afa4,80000,f
0000,0000,0000,0000,0000,0000,afa5,e5e5,100000,10
0000,0000,0000,0000,0000,0000,e5e7,afb5,400000,11
0000,0000,0000,0000,0000,0000,afb8,f4e6,800000,12
0000,0000,0000,0000,0000,0000,f4ea,beb8,1000000,13
0000,0000,0000,0000,0000,0000,bebb,f4fb,4000000,14
0000,0000,0000,0000,0000,0000,f4fe,bfba,8000000,15
0000,0000,0000,0000,0000,0000,e5f4,afa6,300000,10
0000,0000,0000,0000,0000,0000,afa7,e5f5,600000,11
0000,0000,0000,0000,0000,0000,e5f8,bea6,c00000,12
0000,0000,0000,0000,0000,0000,beaa,f4f8,1800000,13
0000,0000,0000,0000,0000,0000,f4fb,bebb,6000000,14
0000,0000,0000,0000,0000,0000,bebe,f5fa,c000000,15
0000,0000,0000,0000,0000,0000,e744,8fc4,4000,b
0000,0000,0000,0000,0000,0000,8fc5,e745,8000,c
0000,0000,0000,0000,0000,0000,e747,8fd5,20000,d
0000,0000,0000,0000,0000,0000,8fd8,f646,40000,e
0000,0000,0000,0000,0000,0000,f64a,9ed8,80000,f
0000,0000,0000,0000,0000,0000,9edb,f65b,200000,10
0000,0000,0000,0000,0000,0000,f65e,9fda,400000,11
0000,0000,0000,0000,0000,0000,e754,8fc6,8000,c
0000,0000,0000,0000,0000,0000,8fc7,e755,10000,d
0000,0000,0000,0000,0000,0000,e758,9ec6,20000,e
0000,0000,0000,0000,0000,0000,9eca,f658,40000,f
0000,0000,0000,0000,0000,0000,f65b,9edb,100000,10
0000,0000,0000,0000,0000,0000,9ede,f75a,200000,11
0000,0000,0000,0000,0000,0000,e774,8fe6,20000,d
0000,0000,0000,0000,0000,0000,8fe7,e775,40000,e
0000,0000,0000,0000,0000,0000,e778,9ee6,80000,f
0000,0000,0000,0000,0000,0000,9eea,f678,100000,10
0000,0000,0000,0000,0000,0000,f67b,9efb,400000,11
0000,0000,0000,0000,0000,0000,9efe,f77a,800000,12
0000,0000,0000,0000,0000,0000,e784,adc4,40000,e
0000,0000,0000,0000,0000,0000,adc5,e785,80000,f
0000,0000,0000,0000,0000,0000,e787,add5,200000,10
0000,0000,0000,0000,0000,0000,add8,f686,400000,11
0000,0000,0000,0000,0000,0000,f68a,bcd8,800000,12
0000,0000,0000,0000,0000,0000,bcdb,f69b,2000000,13
0000,0000,0000,0000,0000,0000,f69e,bdda,4000000,14
0000,0000,0000,0000,0000,0000,e7b4,ade6,100000,f
0000,0000,0000,0000,0000,0000,ade7,e7b5,200000,10
0000,0000,0000,0000,0000,0000,e7b8,bce6,400000,11
0000,0000,0000,0000,0000,0000,bcea,f6b8,800000,12
0000,0000,0000,0000,0000,0000,f6bb,bcfb,2000000,13
0000,0000,0000,0000,0000,0000,bcfe,f7ba,4000000,14
0000,0000,0000,0000,0000,0000,e7e4,afe4,200000,10
0000,0000,0000,0000,0000,0000,afe5,e7e5,400000,11
0000,0000,0000,0000,0000,0000,e7e7,aff5,1000000,12
0000,0000,0000,0000,0000,0000,aff8,f6e6,2000000,13
0000,0000,0000,0000,0000,0000,f6ea,bef8,4000000,14
0000,0000,0000,0000,0000,0000,befb,f6fb,10000000,15
0000,0000,0000,0000,0000,0000,f6fe,bffa,20000000,16
0000,0000,0000,0000,0000,0000,e7f4,afe6,c00000,11
0000,0000,0000,0000,0000,0000,afe7,e7f5,1800000,12
0000,0000,0000,0000,0000,0000,e7f8,bee6,3000000,13
0000,0000,0000,0000,0000,0000,beea,f6f8,6000000,14
0000,0000,0000,0000,0000,0000,f6fb,befb,18000000,15
0000,0000,0000,0000,0000,0000,befe,f7fa,30000000,16
0000,0000,0000,0000,0000,0000,e844,cb80,8000,c
0000,0000,0000,0000,0000,0000,e854,cb82,10000,d
0000,0000,0000,0000,0000,0000,cb89,f845,20000,e
0000,0000,0000,0000,0000,0000,f84b,da99,40000,f
0000,0000,0000,0000,0000,0000,da9f,f95b,80000,10
0000,0000,0000,0000,0000,0000,e874,cba2,40000,e
0000,0000,0000,0000,0000,0000,cba9,f865,80000,f
0000,0000,0000,0000,0000,0000,f86b,dab9,100000,10
0000,0000,0000,0000,0000,0000,dabf,f97b,200000,11
0000,0000,0000,0000,0000,0000,e884,e980,80000,f
0000,0000,0000,0000,0000,0000,e8b4,e9a2,200000,10
0000,0000,0000,0000,0000,0000,e9a9,f8a5,400000,11
0000,0000,0000,0000,0000,0000,f8ab,f8b9,800000,12
0000,0000,0000,0000,0000,0000,f8bf,f9bb,1000000,13
0000,0000,0000,0000,0000,0000,e8e4,eba0,400000,11
0000,0000,0000,0000,0000,0000,e8f4,eba2,1800000,12
0000,0000,0000,0000,0000,0000,eba9,f8e5,3000000,13
0000,0000,0000,0000,0000,0000,f8eb,fab9,6000000,14
0000,0000,0000,0000,0000,0000,fabf,f9fb,c000000,15
0000,0000,0000,0000,0000,0000,eb44,cbc4,20000,d
0000,0000,0000,0000,0000,0000,cbc5,eb45,40000,e
0000,0000,0000,0000,0000,0000,eb47,cbd5,100000,f
0000,0000,0000,0000,0000,0000,cbd8,fa46,200000,10
0000,0000,0000,0000,0000,0000,fa4a,dad8,400000,11
0000,0000,0000,0000,0000,0000,dadb,fa5b,1000000,12
0000,0000,0000,0000,0000,0000,fa5e,dbda,2000000,13
0000,0000,0000,0000,0000,0000,eb54,cbc6,40000,e
0000,0000,0000,0000,0000,0000,cbc7,eb55,80000,f
0000,0000,0000,0000,0000,0000,eb58,dac6,100000,10
0000,0000,0000,0000,0000,0000,daca,fa58,200000,11
0000,0000,0000,0000,0000,0000,fa5b,dadb,800000,12
0000,0000,0000,0000,0000,0000,dade,fb5a,1000000,13
0000,0000,0000,0000,0000,0000,eb74,cbe6,100000,f
0000,0000,0000,0000,0000,0000,cbe7,eb75,200000,10
0000,0000,0000,0000,0000,0000,eb78,dae6,400000,11
0000,0000,0000,0000,0000,0000,daea,fa78,800000,12
0000,0000,0000,0000,0000,0000,fa7b,dafb,2000000,13
0000,0000,0000,0000,0000,0000,dafe,fb7a,4000000,14
0000,0000,0000,0000,0000,0000,eb84,e9c4,200000,10
0000,0000,0000,0000,0000,0000,e9c5,eb85,400000,11
0000,0000,0000,0000,0000,0000,eb87,e9d5,1000000,12
0000,0000,0000,0000,0000,0000,e9d8,fa86,2000000,13
0000,0000,0000,0000,0000,0000,fa8a,f8d8,4000000,14
0000,0000,0000,0000,0000,0000,f8db,fa9b,10000000,15
0000,0000,0000,0000,0000,0000,fa9e,f9da,20000000,16
0000,0000,0000,0000,0000,0000,ebb4,e9e6,800000,11
0000,0000,0000,0000,0000,0000,e9e7,ebb5,1000000,12
0000,0000,0000,0000,0000,0000,ebb8,f8e6,2000000,13
0000,0000,0000,0000,0000,0000,f8ea,fab8,4000000,14
0000,0000,0000,0000,0000,0000,fabb,f8fb,10000000,15
0000,0000,0000,0000,0000,0000,f8fe,fbba,20000000,16
0000,0000,0000,0000,0000,0000,ebe4,ebe4,1000000,12
0000,0000,0000,0000,0000,0000,ebe5,ebe5,2000000,13
0000,0000,0000,0000,0000,0000,ebe7,ebf5,8000000,14
0000,0000,0000,0000,0000,0000,ebf8,fae6,10000000,15
0000,0000,0000,0000,0000,0000,faea,faf8,20000000,16
0000,0000,0000,0000,0000,0000,fafb,fafb,80000000,17
0000,0000,0000,0000,0000,0000,fafe,fbfa,0,18
0000,0000,0000,0000,0000,0000,ebf4,ebe6,6000000,13
0000,0000,0000,0000,0000,0000,ebe7,ebf5,c000000,14
0000,0000,0000,0000,0000,0000,ebf8,fae6,18000000,15
0000,0000,0000,0000,0000,0000,faea,faf8,30000000,16
0000,0000,0000,0000,0000,0000,fafb,fafb,c0000000,17
0000,0000,0000,0000,0000,0000,fafe,fbfa,80000000,18
0000,0000,0000,0000,0000,0000,ee44,cfc0,40000,e
0000,0000,0000,0000,0000,0000,ee54,cfc2,80000,f
0000,0000,0000,0000,0000,0000,cfc9,fe45,100000,10
0000,0000,0000,0000,0000,0000,fe4b,ded9,200000,11
0000,0000,0000,0000,0000,0000,dedf,ff5b,400000,12
0000,0000,0000,0000,0000,0000,ee74,cfe2,200000,10
0000,0000,0000,0000,0000,0000,cfe9,fe65,400000,11
0000,0000,0000,0000,0000,0000,fe6b,def9,800000,12
0000,0000,0000,0000,0000,0000,deff,ff7b,1000000,13
0000,0000,0000,0000,0000,0000,ee84,edc0,400000,11
0000,0000,0000,0000,0000,0000,eeb4,ede2,1000000,12
0000,0000,0000,0000,0000,0000,ede9,fea5,2000000,13
0000,0000,0000,0000,0000,0000,feab,fcf9,4000000,14
0000,0000,0000,0000,0000,0000,fcff,ffbb,8000000,15
0000,0000,0000,0000,0000,0000,eee4,efe0,2000000,13
0000,0000,0000,0000,0000,0000,eef4,efe2,c000000,14
0000,0000,0000,0000,0000,0000,efe9,fee5,18000000,15
0000,0000,0000,0000,0000,0000,feeb,fef9,30000000,16
0000,0000,0000,0000,0000,0000,feff,fffb,60000000,17
0000,0000,0000,0000,0000,0000,ef44,cfc4,180000,f
0000,0000,0000,0000,0000,0000,cfc5,ef45,300000,10
0000,0000,0000,0000,0000,0000,ef47,cfd5,c00000,11
0000,0000,0000,0000,0000,0000,cfd8,fe46,1800000,12
0000,0000,0000,0000,0000,0000,fe4a,ded8,3000000,13
0000,0000,0000,0000,0000,0000,dedb,fe5b,c000000,14
0000,0000,0000,0000,0000,0000,fe5e,dfda,18000000,15
0000,0000,0000,0000,0000,0000,ef54,cfc6,300000,10
0000,0000,0000,0000,0000,0000,cfc7,ef55,600000,11
0000,0000,0000,0000,0000,0000,ef58,dec6,c00000,12
0000,0000,0000,0000,0000,0000,deca,fe58,1800000,13
0000,0000,0000,0000,0000,0000,fe5b,dedb,6000000,14
0000,0000,0000,0000,0000,0000,dede,ff5a,c000000,15
0000,0000,0000,0000,0000,0000,ef74,cfe6,c00000,11
0000,0000,0000,0000,0000,0000,cfe7,ef75,1800000,12
0000,0000,0000,0000,0000,0000,ef78,dee6,3000000,13
0000,0000,0000,0000,0000,0000,deea,fe78,6000000,14
0000,0000,0000,0000,0000,0000,fe7b,defb,18000000,15
0000,0000,0000,0000,0000,0000,defe,ff7a,30000000,16
0000,0000,0000,0000,0000,0000,ef84,edc4,1800000,12
0000,0000,0000,0000,0000,0000,edc5,ef85,3000000,13
0000,0000,0000,0000,0000,0000,ef87,edd5,c000000,14
0000,0000,0000,0000,0000,0000,edd8,fe86,18000000,15
0000,0000,0000,0000,0000,0000,fe8a,fcd8,30000000,16
0000,0000,0000,0000,0000,0000,fcdb,fe9b,c0000000,17
0000,0000,0000,0000,0000,0000,fe9e,fdda,80000000,18
0000,0000,0000,0000,0000,0000,efb4,ede6,6000000,13
0000,0000,0000,0000,0000,0000,ede7,efb5,c000000,14
0000,0000,0000,0000,0000,0000,efb8,fce6,18000000,15
0000,0000,0000,0000,0000,0000,fcea,feb8,30000000,16
0000,0000,0000,0000,0000,0000,febb,fcfb,c0000000,17
0000,0000,0000,0000,0000,0000,fcfe,ffba,80000000,18
0000,0000,0000,0000,0000,0000,efe4,efe4,c000000,14
0000,0000,0000,0000,0000,0000,efe5,efe5,18000000,15
0000,0000,0000,0000,0000,0000,efe7,eff5,60000000,16
0000,0000,0000,0000,0000,0000,eff8,fee6,c0000000,17
0000,0000,0000,0000,0000,0000,feea,fef8,80000000,18
0000,0000,0000,0000,0000,0000,fefb,fefb,0,19
0000,0000,0000,0000,0000,0000,fefe,fffa,0,1a
0000,0000,0000,0000,0000,0000,eff4,efe6,48000000,15
0000,0000,0000,0000,0000,0000,efe7,eff5,90000000,16
0000,0000,0000,0000,0000,0000,eff8,fee6,20000000,17
0000,0000,0000,0000,0000,0000,feea,fef8,40000000,18
0000,0000,0000,0000,0000,0000,fefb,fefb,0,19
0000,0000,0000,0000,0000,0000,fefe,fffa,0,1a
0000,0000,0000,0000,0000,0000,f444,8f88,3000,a
0000,0000,0000,0000,0000,0000,8f85,e545,6000,b
0000,0000,0000,0000,0000,0000,e547,8f95,18000,c
0000,0000,0000,0000,0000,0000,8f98,f446,30000,d
0000,0000,0000,0000,0000,0000,f44a,9e98,60000,e
0000,0000,0000,0000,0000,0000,9e9b,f45b,180000,f
0000,0000,0000,0000,0000,0000,f45e,9f9a,300000,10
0000,0000,0000,0000,0000,0000,f454,8f8a,6000,b
0000,0000,0000,0000,0000,0000,8f85,e545,c000,c
0000,0000,0000,0000,0000,0000,e547,8f95,30000,d
0000,0000,0000,0000,0000,0000,8f98,f446,60000,e
0000,0000,0000,0000,0000,0000,f44a,9e98,c0000,f
0000,0000,0000,0000,0000,0000,9e9b,f45b,300000,10
0000,0000,0000,0000,0000,0000,f45e,9f9a,600000,11
0000,0000,0000,0000,0000,0000,f474,8faa,18000,c
0000,0000,0000,0000,0000,0000,8fa5,e565,30000,d
0000,0000,0000,0000,0000,0000,e567,8fb5,c0000,e
0000,0000,0000,0000,0000,0000,8fb8,f466,180000,f
0000,0000,0000,0000,0000,0000,f46a,9eb8,300000,10
0000,0000,0000,0000,0000,0000,9ebb,f47b,c00000,11
0000,0000,0000,0000,0000,0000,f47e,9fba,1800000,12
0000,0000,0000,0000,0000,0000,f484,ad88,30000,d
0000,0000,0000,0000,0000,0000,ad85,e585,60000,e
0000,0000,0000,0000,0000,0000,e587,ad95,180000,f
0000,0000,0000,0000,0000,0000,ad98,f486,300000,10
0000,0000,0000,0000,0000,0000,f48a,bc98,600000,11
0000,0000,0000,0000,0000,0000,bc9b,f49b,1800000,12
0000,0000,0000,0000,0000,0000,f49e,bd9a,3000000,13
0000,0000,0000,0000,0000,0000,f4b4,adaa,c0000,e
0000,0000,0000,0000,0000,0000,ada5,e5a5,180000,f
0000,0000,0000,0000,0000,0000,e5a7,adb5,600000,10
0000,0000,0000,0000,0000,0000,adb8,f4a6,c00000,11
0000,0000,0000,0000,0000,0000,f4aa,bcb8,1800000,12
0000,0000,0000,0000,0000,0000,bcbb,f4bb,6000000,13
0000,0000,0000,0000,0000,0000,f4be,bdba,c000000,14
0000,0000,0000,0000,0000,0000,f4e4,afa8,180000,f
0000,0000,0000,0000,0000,0000,afa5,e5e5,300000,10
0000,0000,0000,0000,0000,0000,e5e7,afb5,c00000,11
0000,0000,0000,0000,0000,0000,afb8,f4e6,1800000,12
0000,0000,0000,0000,0000,0000,f4ea,beb8,3000000,13
0000,0000,0000,0000,0000,0000,bebb,f4fb,c000000,14
0000,0000,0000,0000,0000,0000,f4fe,bfba,18000000,15
0000,0000,0000,0000,0000,0000,f4f4,afaa,900000,10
0000,0000,0000,0000,0000,0000,afa5,e5e5,1200000,11
0000,0000,0000,0000,0000,0000,e5e7,afb5,4800000,12
0000,0000,0000,0000,0000,0000,afb8,f4e6,9000000,13
0000,0000,0000,0000,0000,0000,f4ea,beb8,12000000,14
0000,0000,0000,0000,0000,0000,bebb,f4fb,48000000,15
0000,0000,0000,0000,0000,0000,f4fe,bfba,90000000,16
0000,0000,0000,0000,0000,0000,f544,8f8c,6000,b
0000,0000,0000,0000,0000,0000,8f85,e545,c000,c
0000,0000,0000,0000,0000,0000,e547,8f95,30000,d
0000,0000,0000,0000,0000,0000,8f98,f446,60000,e
0000,0000,0000,0000,0000,0000,f44a,9e98,c0000,f
0000,0000,0000,0000,0000,0000,9e9b,f45b,300000,10
0000,0000,0000,0000,0000,0000,f45e,9f9a,600000,11
0000,0000,0000,0000,0000,0000,f554,8f8e,c000,c
0000,0000,0000,0000,0000,0000,8f8a,f454,18000,d
0000,0000,0000,0000,0000,0000,f45b,9e9b,30000,e
0000,0000,0000,0000,0000,0000,9e9e,f55a,60000,f
0000,0000,0000,0000,0000,0000,f574,8fae,30000,d
0000,0000,0000,0000,0000,0000,8faa,f474,60000,e
0000,0000,0000,0000,0000,0000,f47b,9ebb,c0000,f
0000,0000,0000,0000,0000,0000,9ebe,f57a,180000,10
0000,0000,0000,0000,0000,0000,f584,ad8c,60000,e
0000,0000,0000,0000,0000,0000,ad85,e585,c0000,f
0000,0000,0000,0000,0000,0000,e587,ad95,300000,10
0000,0000,0000,0000,0000,0000,ad98,f486,600000,11
0000,0000,0000,0000,0000,0000,f48a,bc98,c00000,12
0000,0000,0000,0000,0000,0000,bc9b,f49b,3000000,13
0000,0000,0000,0000,0000,0000,f49e,bd9a,6000000,14
0000,0000,0000,0000,0000,0000,f5b4,adae,180000,f
0000,0000,0000,0000,0000,0000,adaa,f4b4,300000,10
0000,0000,0000,0000,0000,0000,f4bb,bcbb,600000,11
0000,0000,0000,0000,0000,0000,bcbe,f5ba,c00000,12
0000,0000,0000,0000,0000,0000,f5e4,afac,300000,10
0000,0000,0000,0000,0000,0000,afa5,e5e5,600000,11
0000,0000,0000,0000,0000,0000,e5e7,afb5,1800000,12
0000,0000,0000,0000,0000,0000,afb8,f4e6,3000000,13
0000,0000,0000,0000,0000,0000,f4ea,beb8,6000000,14
0000,0000,0000,0000,0000,0000,bebb,f4fb,18000000,15
0000,0000,0000,0000,0000,0000,f4fe,bfba,30000000,16
0000,0000,0000,0000,0000,0000,f5f4,afae,1200000,11
0000,0000,0000,0000,0000,0000,afaa,f4f4,2400000,12
0000,0000,0000,0000,0000,0000,f4fb,bebb,4800000,13
0000,0000,0000,0000,0000,0000,bebe,f5fa,9000000,14
0000,0000,0000,0000,0000,0000,f744,8fcc,18000,c
0000,0000,0000,0000,0000,0000,8fc5,e745,30000,d
0000,0000,0000,0000,0000,0000,e747,8fd5,c0000,e
0000,0000,0000,0000,0000,0000,8fd8,f646,180000,f
0000,0000,0000,0000,0000,0000,f64a,9ed8,300000,10
0000,0000,0000,0000,0000,0000,9edb,f65b,c00000,11
0000,0000,0000,0000,0000,0000,f65e,9fda,1800000,12
0000,0000,0000,0000,0000,0000,f754,8fce,30000,d
0000,0000,0000,0000,0000,0000,8fca,f654,60000,e
0000,0000,0000,0000,0000,0000,f65b,9edb,c0000,f
0000,0000,0000,0000,0000,0000,9ede,f75a,180000,10
0000,0000,0000,0000,0000,0000,f774,8fee,c0000,e
0000,0000,0000,0000,0000,0000,8fea,f674,180000,f
0000,0000,0000,0000,0000,0000,f67b,9efb,300000,10
0000,0000,0000,0000,0000,0000,9efe,f77a,600000,11
0000,0000,0000,0000,0000,0000,f784,adcc,180000,f
0000,0000,0000,0000,0000,0000,adc5,e785,300000,10
0000,0000,0000,0000,0000,0000,e787,add5,c00000,11
0000,0000,0000,0000,0000,0000,add8,f686,1800000,12
0000,0000,0000,0000,0000,0000,f68a,bcd8,3000000,13
0000,0000,0000,0000,0000,0000,bcdb,f69b,c000000,14
0000,0000,0000,0000,0000,0000,f69e,bdda,18000000,15
0000,0000,0000,0000,0000,0000,f7b4,adee,600000,10
0000,0000,0000,0000,0000,0000,adea,f6b4,c00000,11
0000,0000,0000,0000,0000,0000,f6bb,bcfb,1800000,12
0000,0000,0000,0000,0000,0000,bcfe,f7ba,3000000,13
0000,0000,0000,0000,0000,0000,f7e4,afec,c00000,11
0000,0000,0000,0000,0000,0000,afe5,e7e5,1800000,12
0000,0000,0000,0000,0000,0000,e7e7,aff5,6000000,13
0000,0000,0000,0000,0000,0000,aff8,f6e6,c000000,14
0000,0000,0000,0000,0000,0000,f6ea,bef8,18000000,15
0000,0000,0000,0000,0000,0000,befb,f6fb,60000000,16
0000,0000,0000,0000,0000,0000,f6fe,bffa,c0000000,17
0000,0000,0000,0000,0000,0000,f7f4,afee,4800000,12
0000,0000,0000,0000,0000,0000,afea,f6f4,9000000,13
0000,0000,0000,0000,0000,0000,f6fb,befb,12000000,14
0000,0000,0000,0000,0000,0000,befe,f7fa,24000000,15
0000,0000,0000,0000,0000,0000,f844,cb88,30000,d
0000,0000,0000,0000,0000,0000,cb85,e945,60000,e
0000,0000,0000,0000,0000,0000,e947,cb95,180000,f
0000,0000,0000,0000,0000,0000,cb98,f846,300000,10
0000,0000,0000,0000,0000,0000,f84a,da98,600000,11
0000,0000,0000,0000,0000,0000,da9b,f85b,1800000,12
0000,0000,0000,0000,0000,0000,f85e,db9a,3000000,13
0000,0000,0000,0000,0000,0000,f854,cb8a,60000,e
0000,0000,0000,0000,0000,0000,cb85,e945,c0000,f
0000,0000,0000,0000,0000,0000,e947,cb95,300000,10
0000,0000,0000,0000,0000,0000,cb98,f846,600000,11
0000,0000,0000,0000,0000,0000,f84a,da98,c00000,12
0000,0000,0000,0000,0000,0000,da9b,f85b,3000000,13
0000,0000,0000,0000,0000,0000,f85e,db9a,6000000,14
0000,0000,0000,0000,0000,0000,f874,cbaa,180000,f
0000,0000,0000,0000,0000,0000,cba5,e965,300000,10
0000,0000,0000,0000,0000,0000,e967,cbb5,c00000,11
0000,0000,0000,0000,0000,0000,cbb8,f866,1800000,12
0000,0000,0000,0000,0000,0000,f86a,dab8,3000000,13
0000,0000,0000,0000,0000,0000,dabb,f87b,c000000,14
0000,0000,0000,0000,0000,0000,f87e,dbba,18000000,15
0000,0000,0000,0000,0000,0000,f884,e988,300000,10
0000,0000,0000,0000,0000,0000,e985,e985,600000,11
0000,0000,0000,0000,0000,0000,e987,e995,1800000,12
0000,0000,0000,0000,0000,0000,e998,f886,3000000,13
0000,0000,0000,0000,0000,0000,f88a,f898,6000000,14
0000,0000,0000,0000,0000,0000,f89b,f89b,18000000,15
0000,0000,0000,0000,0000,0000,f89e,f99a,30000000,16
0000,0000,0000,0000,0000,0000,f8b4,e9aa,c00000,11
0000,0000,0000,0000,0000,0000,e9a5,e9a5,1800000,12
0000,0000,0000,0000,0000,0000,e9a7,e9b5,6000000,13
0000,0000,0000,0000,0000,0000,e9b8,f8a6,c000000,14
0000,0000,0000,0000,0000,0000,f8aa,f8b8,18000000,15
0000,0000,0000,0000,0000,0000,f8bb,f8bb,60000000,16
0000,0000,0000,0000,0000,0000,f8be,f9ba,c0000000,17
0000,0000,0000,0000,0000,0000,f8e4,eba8,1800000,12
0000,0000,0000,0000,0000,0000,eba5,e9e5,3000000,13
0000,0000,0000,0000,0000,0000,e9e7,ebb5,c000000,14
0000,0000,0000,0000,0000,0000,ebb8,f8e6,18000000,15
0000,0000,0000,0000,0000,0000,f8ea,fab8,30000000,16
0000,0000,0000,0000,0000,0000,fabb,f8fb,c0000000,17
0000,0000,0000,0000,0000,0000,f8fe,fbba,80000000,18
0000,0000,0000,0000,0000,0000,f8f4,ebaa,9000000,13
0000,0000,0000,0000,0000,0000,eba5,e9e5,12000000,14
0000,0000,0000,0000,0000,0000,e9e7,ebb5,48000000,15
0000,0000,0000,0000,0000,0000,ebb8,f8e6,90000000,16
0000,0000,0000,0000,0000,0000,f8ea,fab8,20000000,17
0000,0000,0000,0000,0000,0000,fabb,f8fb,80000000,18
0000,0000,0000,0000,0000,0000,f8fe,fbba,0,19
0000,0000,0000,0000,0000,0000,fb44,cbcc,c0000,e
0000,0000,0000,0000,0000,0000,cbc5,eb45,180000,f
0000,0000,0000,0000,0000,0000,eb47,cbd5,600000,10
0000,0000,0000,0000,0000,0000,cbd8,fa46,c00000,11
0000,0000,0000,0000,0000,0000,fa4a,dad8,1800000,12
0000,0000,0000,0000,0000,0000,dadb,fa5b,6000000,13
0000,0000,0000,0000,0000,0000,fa5e,dbda,c000000,14
0000,0000,0000,0000,0000,0000,fb54,cbce,180000,f
0000,0000,0000,0000,0000,0000,cbca,fa54,300000,10
0000,0000,0000,0000,0000,0000,fa5b,dadb,600000,11
0000,0000,0000,0000,0000,0000,dade,fb5a,c00000,12
0000,0000,0000,0000,0000,0000,fb74,cbee,600000,10
0000,0000,0000,0000,0000,0000,cbea,fa74,c00000,11
0000,0000,0000,0000,0000,0000,fa7b,dafb,1800000,12
0000,0000,0000,0000,0000,0000,dafe,fb7a,3000000,13
0000,0000,0000,0000,0000,0000,fb84,e9cc,c00000,11
0000,0000,0000,0000,0000,0000,e9c5,eb85,1800000,12
0000,0000,0000,0000,0000,0000,eb87,e9d5,6000000,13
0000,0000,0000,0000,0000,0000,e9d8,fa86,c000000,14
0000,0000,0000,0000,0000,0000,fa8a,f8d8,18000000,15
0000,0000,0000,0000,0000,0000,f8db,fa9b,60000000,16
0000,0000,0000,0000,0000,0000,fa9e,f9da,c0000000,17
0000,0000,0000,0000,0000,0000,fbb4,e9ee,3000000,12
0000,0000,0000,0000,0000,0000,e9ea,fab4,6000000,13
0000,0000,0000,0000,0000,0000,fabb,f8fb,c000000,14
0000,0000,0000,0000,0000,0000,f8fe,fbba,18000000,15
0000,0000,0000,0000,0000,0000,fbe4,ebec,6000000,13
0000,0000,0000,0000,0000,0000,ebe5,ebe5,c000000,14
0000,0000,0000,0000,0000,0000,ebe7,ebf5,30000000,15
0000,0000,0000,0000,0000,0000,ebf8,fae6,60000000,16
0000,0000,0000,0000,0000,0000,faea,faf8,c0000000,17
0000,0000,0000,0000,0000,0000,fafb,fafb,0,18
0000,0000,0000,0000,0000,0000,fafe,fbfa,0,19
0000,0000,0000,0000,0000,0000,fbf4,ebee,24000000,14
0000,0000,0000,0000,0000,0000,ebea,faf4,48000000,15
0000,0000,0000,0000,0000,0000,fafb,fafb,90000000,16
0000,0000,0000,0000,0000,0000,fafe,fbfa,20000000,17
0000,0000,0000,0000,0000,0000,fe44,cfc8,180000,f
0000,0000,0000,0000,0000,0000,cfc5,ef45,300000,10
0000,0000,0000,0000,0000,0000,ef47,cfd5,c00000,11
0000,0000,0000,0000,0000,0000,cfd8,fe46,1800000,12
0000,0000,0000,0000,0000,0000,fe4a,ded8,3000000,13
0000,0000,0000,0000,0000,0000,dedb,fe5b,c000000,14
0000,0000,0000,0000,0000,0000,fe5e,dfda,18000000,15
0000,0000,0000,0000,0000,0000,fe54,cfca,300000,10
0000,0000,0000,0000,0000,0000,cfc5,ef45,600000,11
0000,0000,0000,0000,0000,0000,ef47,cfd5,1800000,12
0000,0000,0000,0000,0000,0000,cfd8,fe46,3000000,13
0000,0000,0000,0000,0000,0000,fe4a,ded8,6000000,14
0000,0000,0000,0000,0000,0000,dedb,fe5b,18000000,15
0000,0000,0000,0000,0000,0000,fe5e,dfda,30000000,16
0000,0000,0000,0000,0000,0000,fe74,cfea,c00000,11
0000,0000,0000,0000,0000,0000,cfe5,ef65,1800000,12
0000,0000,0000,0000,0000,0000,ef67,cff5,6000000,13
0000,0000,0000,0000,0000,0000,cff8,fe66,c000000,14
0000,0000,0000,0000,0000,0000,fe6a,def8,18000000,15
0000,0000,0000,0000,0000,0000,defb,fe7b,60000000,16
0000,0000,0000,0000,0000,0000,fe7e,dffa,c0000000,17
0000,0000,0000,0000,0000,0000,fe84,edc8,1800000,12
0000,0000,0000,0000,0000,0000,edc5,ef85,3000000,13
0000,0000,0000,0000,0000,0000,ef87,edd5,c000000,14
0000,0000,0000,0000,0000,0000,edd8,fe86,18000000,15
0000,0000,0000,0000,0000,0000,fe8a,fcd8,30000000,16
0000,0000,0000,0000,0000,0000,fcdb,fe9b,c0000000,17
0000,0000,0000,0000,0000,0000,fe9e,fdda,80000000,18
0000,0000,0000,0000,0000,0000,feb4,edea,6000000,13
0000,0000,0000,0000,0000,0000,ede5,efa5,c000000,14
0000,0000,0000,0000,0000,0000,efa7,edf5,30000000,15
0000,0000,0000,0000,0000,0000,edf8,fea6,60000000,16
0000,0000,0000,0000,0000,0000,feaa,fcf8,c0000000,17
0000,0000,0000,0000,0000,0000,fcfb,febb,0,18
0000,0000,0000,0000,0000,0000,febe,fdfa,0,19
0000,0000,0000,0000,0000,0000,fee4,efe8,c000000,14
0000,0000,0000,0000,0000,0000,efe5,efe5,18000000,15
0000,0000,0000,0000,0000,0000,efe7,eff5,60000000,16
0000,0000,0000,0000,0000,0000,eff8,fee6,c0000000,17
0000,0000,0000,0000,0000,0000,feea,fef8,80000000,18
0000,0000,0000,0000,0000,0000,fefb,fefb,0,19
0000,0000,0000,0000,0000,0000,fefe,fffa,0,1a
0000,0000,0000,0000,0000,0000,fef4,efea,48000000,15
0000,0000,0000,0000,0000,0000,efe5,efe5,90000000,16
0000,0000,0000,0000,0000,0000,efe7,eff5,40000000,17
0000,0000,0000,0000,0000,0000,eff8,fee6,80000000,18
0000,0000,0000,0000,0000,0000,feea,fef8,0,19
0000,0000,0000,0000,0000,0000,fefb,fefb,0,1a
0000,0000,0000,0000,0000,0000,fefe,fffa,0,1b
0000,0000,0000,0000,0000,0000,ff44,cfcc,900000,10
0000,0000,0000,0000,0000,0000,cfc5,ef45,1200000,11
0000,0000,0000,0000,0000,0000,ef47,cfd5,4800000,12
0000,0000,0000,0000,0000,0000,cfd8,fe46,9000000,13
0000,0000,0000,0000,0000,0000,fe4a,ded8,12000000,14
0000,0000,0000,0000,0000,0000,dedb,fe5b,48000000,15
0000,0000,0000,0000,0000,0000,fe5e,dfda,90000000,16
0000,0000,0000,0000,0000,0000,ff54,cfce,1200000,11
0000,0000,0000,0000,0000,0000,cfca,fe54,2400000,12
0000,0000,0000,0000,0000,0000,fe5b,dedb,4800000,13
0000,0000,0000,0000,0000,0000,dede,ff5a,9000000,14
0000,0000,0000,0000,0000,0000,ff74,cfee,4800000,12
0000,0000,0000,0000,0000,0000,cfea,fe74,9000000,13
0000,0000,0000,0000,0000,0000,fe7b,defb,12000000,14
0000,0000,0000,0000,0000,0000,defe,ff7a,24000000,15
0000,0000,0000,0000,0000,0000,ff84,edcc,9000000,13
0000,0000,0000,0000,0000,0000,edc5,ef85,12000000,14
0000,0000,0000,0000,0000,0000,ef87,edd5,48000000,15
0000,0000,0000,0000,0000,0000,edd8,fe86,90000000,16
0000,0000,0000,0000,0000,0000,fe8a,fcd8,20000000,17
0000,0000,0000,0000,0000,0000,fcdb,fe9b,80000000,18
0000,0000,0000,0000,0000,0000,fe9e,fdda,0,19
0000,0000,0000,0000,0000,0000,ffb4,edee,24000000,14
0000,0000,0000,0000,0000,0000,edea,feb4,48000000,15
0000,0000,0000,0000,0000,0000,febb,fcfb,90000000,16
0000,0000,0000,0000,0000,0000,fcfe,ffba,20000000,17
0000,0000,0000,0000,0000,0000,ffe4,efec,48000000,15
0000,0000,0000,0000,0000,0000,efe5,efe5,90000000,16
0000,0000,0000,0000,0000,0000,efe7,eff5,40000000,17
0000,0000,0000,0000,0000,0000,eff8,fee6,80000000,18
0000,0000,0000,0000,0000,0000,feea,fef8,0,19
0000,0000,0000,0000,0000,0000,fefb,fefb,0,1a
0000,0000,0000,0000,0000,0000,fefe,fffa,0,1b
0000,0000,0000,0000,0000,0000,fff4,efee,b0000000,16
0000,0000,0000,0000,0000,0000,efea,fef4,60000000,17
0000,0000,0000,0000,0000,0000,fefb,fefb,c0000000,18
0000,0000,0000,0000,0000,0000,fefe,fffa,80000000,19
